selector,rate,example_id,sub_question_id,context_len,system_len,doc_len,query_len,selected_tokens,query_system,query_system_last_layer,query_selected_doc,query_selected_doc_last_layer,query_unselected_doc,query_unselected_doc_last_layer,query_query_or_current,query_query_or_current_last_layer,query_doc_total,query_doc_total_last_layer,query_system_first16,query_system_first16_last_layer,query_main_sum,decode_system,decode_system_last_layer,decode_selected_doc,decode_selected_doc_last_layer,decode_unselected_doc,decode_unselected_doc_last_layer,decode_query_or_current,decode_query_or_current_last_layer,decode_doc_total,decode_doc_total_last_layer,decode_system_first16,decode_system_first16_last_layer,decode_main_sum
random,0.3,0,0,2105,792,1313,22,393,0.437613971600506,0.10585483947357574,0.11612369310877982,0.12092867764559659,0.15141770625158674,0.16618641940030185,0.2948446362270717,0.6070301006366681,0.2675413996921178,0.2871151218166599,0.29619434992877797,0.04847221250657911,1.0000000071879445,0.3503501828835935,0.1607466425214495,0.08929014517640578,0.10044055325644356,0.15165679704169838,0.38484154428754536,0.40870288561801515,0.3539712769644601,0.24094693758049796,0.4852820805140904,0.2565447002677817,0.07688280514308385,1.0000000107197127
random,0.3,1,0,2087,792,1295,20,388,0.43953651676372607,0.10872184889657156,0.11416409271103996,0.1286463737487793,0.15774665633026433,0.19385524477277483,0.2885527267747996,0.5687765393938337,0.2719107511092205,0.3225016185215541,0.2965411946785694,0.040234824589320595,0.99999999257983,0.3537092926550885,0.2572683266230992,0.09703177008397727,0.09055781364440918,0.172720233396608,0.15107413700648717,0.37653869633771925,0.5010997227260044,0.26975200249224296,0.24163195065089635,0.2687930727463063,0.23188017095838273,0.9999999924733931
random,0.3,2,0,2233,792,1441,16,432,0.4630081909043449,0.15010179792131698,0.12369574515187008,0.12154247079576765,0.14298621063329733,0.17828633104051864,0.27030985635154103,0.5500694343021938,0.2666819582180101,0.2998288018362863,0.3087033815491868,0.10111681052616664,1.0000000030410532,0.3660812940524549,0.22237695966448104,0.10065690572468602,0.14809870719909668,0.18820976161835143,0.30611136981419157,0.34505204096132397,0.32341296332223074,0.2888666668108532,0.45421007701328825,0.28356939330887126,0.14643873487200057,1.0000000023568163
random,0.3,3,0,1946,792,1154,21,346,0.44177833868532784,0.12012056104179954,0.11964497378546712,0.1126791506397481,0.15933580278075937,0.22172803294901944,0.27924088440089695,0.5454722813197544,0.27898077506018104,0.33440715763844603,0.2915392367366567,0.050663837770215506,0.9999999996524513,0.4376143995596438,0.17831928389413015,0.07608824086432553,0.19142392703465053,0.13655765978049259,0.18728130204336985,0.34973969812295874,0.44297548702784945,0.2126458983640282,0.37870522907802034,0.2696187401342452,0.07608979088919503,0.9999999983274206
random,0.3,3,1,2145,792,1353,22,405,0.4333771186326119,0.1112812463339273,0.13679866467866914,0.16868270527232776,0.1551077150236919,0.22527219103528306,0.2747165013332756,0.49476385735846184,0.2919063789282747,0.3939548839222301,0.29884845362578777,0.054162390820391766,0.9999999996682485,0.3585112551037146,0.208744934626988,0.12720435705720162,0.13923501116888864,0.13688295813543452,0.3618380682809012,0.37740143251662345,0.2901820114680699,0.2640873139001885,0.5010730539049421,0.27656697553145343,0.11061535562787737,1.0000000028129743
random,0.3,4,0,1970,792,1178,27,353,0.4241898695988269,0.10307192928576596,0.10497985270017943,0.08654752862516535,0.16743611280249543,0.2077949564292948,0.30339416336670844,0.6025855654761905,0.2724159641510956,0.29434248505446015,0.289008559852005,0.0499464368063306,0.9999999984682101,0.3341565679530708,0.19218267713274276,0.08817734246199228,0.14538296631404332,0.17645452992648494,0.23960702759878977,0.4012115676792301,0.4228273459843227,0.2646318731867537,0.3849900109427316,0.2494176186108011,0.13969704934528895,1.000000008020778
random,0.3,4,1,2867,792,2075,19,622,0.4128593763398561,0.06634545864019178,0.14451587981235328,0.13468634813351738,0.15508957375261118,0.18215238241324747,0.2875351698390907,0.616815782131109,0.29960545151625484,0.3168387162057977,0.2892834020320379,0.03333217219302529,0.9999999997439113,0.3263390454955456,0.00021147285588085651,0.13904242065488076,0.09252207619803292,0.14891638652402525,0.18801266806466238,0.3857021459511348,0.7192538125174386,0.287958812652802,0.28053477832249235,0.25557281223685707,7.014042889100633e-06,0.9999999986255863
random,0.3,6,0,2282,792,1490,16,447,0.4534354793782137,0.12233047825949532,0.12509295526815922,0.12019938230514526,0.14907541612581338,0.18423094068254744,0.2723961545496571,0.5732391902378627,0.27416836485570795,0.30443031447274344,0.30208510399929106,0.07461599792752947,1.0000000053218434,0.3284521738485415,0.0403178334236145,0.11476938684984131,0.03432266201291766,0.1484865100712192,0.31659746170043945,0.4082919322714514,0.6087620598929269,0.26325589418411255,0.35092013222830637,0.247792827706708,0.01831247125353132,1.0000000030410534
random,0.3,7,0,2379,792,1587,22,476,0.4221047450527409,0.07762344781454507,0.11549236314416153,0.11474109005618405,0.15878778076791145,0.24090727273519938,0.3036151091552621,0.5667282203575233,0.27428014910950954,0.35564833802062196,0.2779218916105649,0.03164518963206898,0.999999998120076,0.348509135599039,0.16929641791752406,0.09816465906950893,0.2188668932233538,0.16249302622615075,0.0812732492174421,0.39083318138609124,0.5305634566715786,0.2606576848395017,0.30014010838099886,0.25782737981680093,0.15826586314610072,1.00000000228079
random,0.3,7,1,2258,792,1466,23,439,0.41548414915773646,0.10938634931670953,0.11147851698569947,0.12549612388847778,0.1446655789834795,0.15303004010123497,0.3283717583636848,0.6120875103873495,0.25614409459409404,0.27852616398971275,0.2814330722088822,0.06117066685457407,1.0000000034906003,0.35322483279267136,0.09447346414838519,0.09869069328569638,0.0648598415510995,0.1792181965952017,0.44894208226885113,0.3688662818499973,0.3917246546064104,0.2779088893107005,0.5138019153050014,0.26726793283026434,0.05510894741330828,1.0000000045235666
random,0.3,9,0,2790,792,1998,20,599,0.44094582869082094,0.15071378435407365,0.11225907644447015,0.11335953984941755,0.1588170282694758,0.208343996320452,0.28797805966163165,0.5275826590401785,0.27107610459230386,0.32170352935791013,0.30326870432009506,0.08149140221732003,0.9999999930663985,0.3219456818639016,0.23106774262019567,0.08646808268160235,0.050073478903089254,0.15940453469449162,0.07641286509377616,0.43218169893537245,0.6424459048679897,0.24587261676788333,0.12648633548191615,0.24011369868732843,0.16436442307063512,0.999999998175368
random,0.3,9,1,3514,792,2722,28,816,0.3851907882328978,0.1115127874880421,0.12479004567983201,0.12311295100620814,0.16606616052872236,0.18198531014578684,0.3239530105980076,0.5833889318972217,0.290856204992133,0.30509826115199495,0.2792525760959779,0.06753960920839894,1.0000000050394597,0.31100956639465027,0.08452560220445905,0.11188736679602643,0.12595569235937937,0.1772699949084496,0.39733491625104633,0.39983307402961105,0.392183780670166,0.2891573601839494,0.5232906000954765,0.2503157732723167,0.08188487802233015,1.0000000021287374
random,0.3,10,0,2297,792,1505,20,451,0.45758012995427955,0.09960106440952846,0.12034117956550752,0.10990736825125558,0.14979549342272233,0.1637561525617327,0.27228319219180513,0.6267354692731585,0.2701366745695776,0.2736634935651507,0.29681160407406937,0.03409794398716518,0.9999999951343146,0.37072359207941563,0.11060323885508946,0.10298387607445521,0.13954150676727295,0.1720552979683389,0.4398382731846401,0.3542372456618718,0.31001700673784527,0.27503917229418856,0.5793797629220145,0.2638676958158613,0.05022395934377398,1.0000000117840815
random,0.3,10,1,2530,792,1738,19,521,0.4480306285280419,0.13923610601210057,0.130137985682257,0.174785011693051,0.14514267457415028,0.17749829399854616,0.2766887060937769,0.508480559614368,0.27528065846378647,0.35228327700966283,0.2962515757816306,0.07907211332392872,0.9999999948782261,0.3533997687758232,0.2648026262010847,0.1526567837109371,0.22664097377232142,0.13053493384195833,0.18278089591435023,0.3634085107822807,0.32577548708234516,0.2831917174008428,0.40942185265677317,0.259440903827472,0.19019721235547746,0.9999999971109994
random,0.3,11,0,2022,792,1230,22,369,0.43137995829608755,0.12623533025964515,0.13245949021960454,0.14265124828784498,0.14781637536793782,0.19107582042743634,0.2883441766692889,0.5400375762543121,0.28027586724629877,0.3337270563299006,0.2930548086568906,0.06558212057336585,1.0000000005529188,0.36318626634928647,0.28463544164385113,0.09151362221003796,0.09484010083334786,0.1866366434462216,0.22316878182547434,0.3586634665119405,0.39735565866742817,0.27815027443730095,0.3180088996887207,0.25470556712671355,0.1944000550678798,0.9999999985174864
random,0.3,11,1,1997,792,1205,21,361,0.44546765650905823,0.12314487638927642,0.10956800690661132,0.12781384526466838,0.15815914163784103,0.19486886627820074,0.286805192050248,0.554172386117533,0.2677271484286027,0.3226826985677083,0.28937566690907185,0.050706704457600914,0.9999999971037586,0.3482985216744092,0.050278808389391215,0.09261786709634627,0.09055259398051671,0.1882470754944548,0.4839306218283517,0.37083653771147435,0.3752380098615374,0.2808649360525365,0.5744831902640206,0.24841653717662757,0.03675504667418344,1.0000000019766846
random,0.3,12,0,2803,792,2011,27,603,0.40532109202170863,0.1218033442421565,0.1202989434619249,0.10093419514005146,0.1624110400992096,0.19893129540498924,0.3119689297333687,0.5783311551210111,0.28270998130850244,0.299865480453249,0.27999841284432014,0.05407717366697927,1.000000005316212,0.36888137946323474,0.14417379243033274,0.11032181925007276,0.20302668639591762,0.15405994896986047,0.3102363177708217,0.3667368481353838,0.34256322043282644,0.26438176814390696,0.5132630211966378,0.2659673709612417,0.07643732002803258,0.9999999958185519
random,0.3,12,1,2893,792,2101,25,630,0.40775048917653617,0.07852625710623605,0.14226317950657436,0.1470133754185268,0.1457159484162623,0.12646717616489955,0.30427038932333195,0.6479932076590402,0.2879791279228366,0.27348052978515625,0.2864627105180098,0.03191247940063477,1.0000000064227046,0.36099829661602895,0.10529285669326782,0.13645251353784485,0.13385730130331858,0.12563529960354977,0.18318711008344377,0.37691389541236714,0.577662740434919,0.2620878134455,0.3170443943568638,0.2799534339229672,0.034588747790881565,1.0000000051697908
random,0.3,13,0,1934,792,1142,16,342,0.48318724121366236,0.16295056683676584,0.09766014809815249,0.09037290300641741,0.1579139620369794,0.24009719916752406,0.2612386538970227,0.5065793309892926,0.2555741071701049,0.33047011920384,0.3054521060928855,0.0657731762954167,1.0000000052458171,0.3570822903088161,0.15192818641662598,0.07899827654568516,0.06290079866136823,0.1547176479076853,0.36752067293439594,0.40920178440152394,0.41765035901750835,0.23371592620197607,0.43042148862566265,0.2528699874611837,0.022958461727414812,0.9999999991637105
random,0.3,13,1,2875,792,2083,20,624,0.40969768008407276,0.06318856648036413,0.14098829578380198,0.10792183876037598,0.14013792106083459,0.1745523588997977,0.309176103436217,0.6543372562953405,0.2811262159931416,0.2824741908482143,0.28537880905276664,0.032369749886648994,1.0000000003649263,0.32123114411928216,0.037746940340314596,0.14598044068837654,0.08462832655225482,0.1280786981996225,0.05674457550048828,0.40470970771750636,0.8208801405770438,0.2740591378236304,0.14137289353779384,0.24708522237006153,5.160605789049961e-07,0.9999999907247875
random,0.3,14,0,1849,792,1057,31,317,0.4300340259444017,0.0892919197609897,0.1085700822394486,0.07867153009511359,0.148592515318232,0.12837164742606028,0.31280337814597253,0.7036649642452117,0.25716259638049876,0.20704316873154882,0.2908790438504028,0.02653709534675844,1.0000000016480548,0.37039128234800034,0.04080717478479658,0.1181585218529312,0.1055940134184701,0.14771793144089834,0.5283069951193673,0.3637322686156449,0.3252918379647391,0.26587644858019693,0.6339009829929897,0.27225647408667264,0.022069192358425686,1.0000000042574748
random,0.3,14,1,2473,792,1681,19,504,0.44219768341834775,0.08491854560106321,0.13435553761737307,0.15661400242855675,0.13288932814633933,0.1721469190783967,0.2905574561958026,0.5863205185510162,0.26724486704415595,0.3287609358479206,0.2953827059502632,0.041131206024858286,1.0000000053778628,0.3262344106119506,0.11528664827346802,0.1387664035570865,0.25560522079467773,0.10922000770057949,0.20201100621904647,0.4257791699195394,0.42709711619785856,0.2479864104974026,0.4576162270137242,0.24979610555349113,0.08733926500592913,0.999999991789156
random,0.3,15,0,1470,792,678,18,203,0.46399992717907274,0.16249879201253256,0.10627565821822806,0.11926944672115265,0.14823680507893464,0.19926885574583023,0.2814876095237646,0.5189629206581722,0.25451246410811035,0.3185383024669829,0.29596637361714623,0.08244684007432726,1.0,0.3735977855263923,0.10630495207650321,0.09294951927601076,0.13813257217407227,0.1287220346988464,0.2655555691037859,0.4047306666568834,0.49000688961574007,0.22167155770014743,0.4036881583077567,0.2661991440025824,0.06509195481027875,1.0000000061581327
random,0.3,15,1,1913,792,1121,23,336,0.43091126554500975,0.10568811878654527,0.10529165196016814,0.10944788204216808,0.14665931690659478,0.15144927457252644,0.31713776791529413,0.6334147482925321,0.2519509667512475,0.2608971447678086,0.292258299153361,0.0470552859099015,1.000000002327067,0.37892583225454596,0.10611695051193237,0.09695054104133527,0.12591649804796493,0.1580208685933327,0.34845447540283203,0.36610275628615385,0.4195121356419155,0.2549714132839319,0.4743709904806955,0.28391513682673775,0.05024530206407819,0.9999999981753678
random,0.3,16,0,2307,792,1515,23,454,0.4288560191190868,0.07694893594113936,0.13008321421063887,0.10177307839719404,0.14695169159873142,0.10784977267247549,0.2941090825816225,0.7134281892954193,0.2770349016841153,0.20962285106966955,0.28689236749879216,0.029338901827794424,1.0000000075100797,0.36344258973793114,0.08338233402797154,0.10978844868285312,0.06164356214659555,0.17831794187730673,0.30940120560782297,0.3484510122513284,0.5455729280199323,0.2881063864547379,0.3710447720118931,0.2736898666361765,0.041533521243504117,0.9999999925494194
random,0.3,16,1,2981,792,2189,25,656,0.40975756294873295,0.08268727438790457,0.13858716594929596,0.13334166390555247,0.15655109697458697,0.1393034144810268,0.29510417704679526,0.6446676635742188,0.295138258252825,0.2726450892857143,0.2877716873434126,0.03755434308733259,1.0000000029194112,0.34432327595292306,0.09732638086591448,0.13485318817654432,0.11568089893886022,0.1411372923425266,0.21475281034197127,0.37968624854574395,0.5722399439130511,0.2759904776300703,0.3304337092808315,0.2678241784475287,0.0026416461914777756,1.0000000050177378
random,0.3,17,0,2207,792,1415,23,424,0.436504519292498,0.10149802924683375,0.11363251767755085,0.10488408248617041,0.15460086492912478,0.13747327816412316,0.295262101908754,0.6561446101028726,0.2682333826066756,0.24235738434406542,0.28975172147829126,0.0512219896968107,1.0000000038079278,0.3239383238310717,0.12099686690739223,0.09194408617533593,0.0656645383153643,0.1700524785080735,0.3120295660836356,0.41406510679089303,0.5013090201786586,0.2619965632959288,0.3776940958840506,0.2377018175106875,0.11289458615439278,0.9999999953053742
random,0.3,17,1,2728,792,1936,25,580,0.4198761476789202,0.10941558837890625,0.12320071765354701,0.13804040091378347,0.1376174804142543,0.1901949201311384,0.3193056546425333,0.5623490687779018,0.2608181996248206,0.32823532104492187,0.28720880785766917,0.043962413242885044,1.0000000003892546,0.3696861893546824,0.03751160417284284,0.14826185165011152,0.3995476450238909,0.11512130118754448,0.202897242137364,0.36693066358566284,0.36004349163600374,0.26338315527049855,0.6024449212210519,0.29140218408132085,0.02277871753488268,1.0000000057780012
random,0.3,18,0,1812,792,1020,23,306,0.4513422220072708,0.07970254909918174,0.12325071622125851,0.08296505708872161,0.14306679857232024,0.1326269066852072,0.2823402617182897,0.7047054693565605,0.26631751479357885,0.2155919519270429,0.3035756423738855,0.032995745262003835,0.9999999985191392,0.364484610834292,0.026979674186025347,0.10433119166718452,0.030543127230235508,0.1787635235458004,0.6815058163234166,0.3524206767276841,0.2609713758741106,0.2830947147948401,0.7120489392961774,0.27455192253145644,0.009623244404792786,1.0000000027749611
random,0.3,18,1,1998,792,1206,17,361,0.4667321590959381,0.12095071488067884,0.12727656699314555,0.14335746124011128,0.13605006946092038,0.22690761790556066,0.26994120416377915,0.5087841578892299,0.26332664117664273,0.37026509517381173,0.3044113983430354,0.053432368430770746,0.9999999997137832,0.4106939745192625,0.264444214957101,0.08845218597930304,0.05847992215837751,0.1381930763624152,0.11411927427564349,0.36266075774114953,0.5629565715789795,0.22664526074516525,0.17259921346391952,0.27283392341009216,0.100539573601314,0.9999999946021303
random,0.3,19,0,1826,792,1034,17,310,0.47091612867375954,0.14377828004981288,0.12631229306755656,0.17284492685013458,0.13513760105902403,0.12825957065870783,0.26763398020493595,0.5551171823709953,0.2614498968456401,0.3011045055229123,0.30817433515516657,0.07633350276145615,1.000000003005276,0.35730100529534475,0.20775818824768066,0.10933318521295278,0.17914329256330216,0.1512146958587121,0.17265582084655762,0.38215112746978297,0.4404426983424595,0.2605478830483495,0.3517991474696568,0.2689471505867431,0.14840451308659144,1.0000000138367926
random,0.3,19,1,2372,792,1580,22,474,0.431197606566222,0.14916463331742721,0.11440333541558712,0.10330329003272118,0.16841684522345687,0.18551368217963676,0.2859822184345054,0.5620184068555956,0.28282018362480543,0.28881697221235797,0.29499604899940773,0.07371929713657924,1.0000000056397713,0.3273016971593,0.11006614140101842,0.11275180049088536,0.05426680190222604,0.16987542686413742,0.3918461118425642,0.39007108065546775,0.4438209533691406,0.2826272303960762,0.44611293928963797,0.2583240433501042,0.05072160278047834,1.0000000051697906
random,0.3,20,0,2311,792,1519,21,455,0.4376733022713916,0.08422768521471088,0.1188826241229088,0.09390651936433753,0.16292710091096896,0.16724410024629968,0.2805169659754509,0.6546216692243304,0.2818097298995631,0.2611505936603157,0.3007367458357408,0.03890311961271325,0.9999999932807202,0.41103188997628737,0.2250258071081979,0.0856084535468598,0.11523172685078212,0.1604226018701281,0.22852737562997,0.342937060156647,0.43121508189610075,0.24603105686148824,0.3437591280255999,0.2674270351607429,0.14196174485342844,1.0000000055499223
random,0.3,20,1,3057,792,2265,36,679,0.3807328639387273,0.06332842508951823,0.1281673133778734,0.10347293672107515,0.16906839379377642,0.15344986083015563,0.3220314352420452,0.679748777359251,0.29723570676617606,0.25692279755123076,0.27525571963059253,0.02900681419978066,1.0000000063524224,0.3306524963403235,0.058968160833631246,0.1325701365665514,0.11303717749459403,0.18509009936634374,0.3289813995361328,0.35168726833499214,0.4990132876804897,0.3176602380616324,0.44201857703072683,0.2615286384671166,0.020257507051740373,1.0000000006082108
random,0.3,21,0,2541,792,1749,22,524,0.4347372108133915,0.10786440465357397,0.1218026947223189,0.1351132578664012,0.15774721006736686,0.1652801563213398,0.28571288572392795,0.591742181158685,0.2795499145210564,0.30039343895850246,0.2890049345957216,0.05177774367394385,1.0000000013270052,0.3210409716988097,0.017067939043045044,0.13776744491591747,0.14658284187316895,0.17329950630664823,0.225697500365121,0.3678920785991512,0.6106517655508858,0.31106695198282897,0.37228032520839144,0.23916249626734282,0.0008320694656244346,1.0000000015205266
random,0.3,21,1,2910,792,2118,16,635,0.43625123738026134,0.09318940980093819,0.12455922106699069,0.1319171530859811,0.1557806509794021,0.18636512756347656,0.2834088936143992,0.5885283606392997,0.2803398723504981,0.31828226361955914,0.30091244448926674,0.05118540780884879,1.0000000030410532,0.34337749541499557,0.0006633859260806016,0.10915535011765912,0.100327696119036,0.16407274926195337,0.2261521816253662,0.38339440494167565,0.6728567395891462,0.2732280976310068,0.3264798777444022,0.2692258974006555,1.5391440164031727e-05,0.9999999997362837
random,0.3,24,0,2348,792,1556,21,466,0.4431608068468041,0.090220561643847,0.1191446256359534,0.12253069715435003,0.1644069391969805,0.13725947684982195,0.27328763550294033,0.6499892773271418,0.2835515673816262,0.259790174004172,0.30818561495682706,0.038960288171054555,1.0000000071826782,0.4133326757927331,0.23597143377576554,0.06662236395463043,0.1270352602005005,0.16756134913588056,0.15880254336765834,0.3524836125422497,0.4781907967158726,0.23418371105680663,0.2858377865382603,0.26953169464000637,0.14434589658464705,1.0000000014254937
random,0.3,24,1,2789,792,1997,20,599,0.4395302626551413,0.12177197592599051,0.1411879807102437,0.18958121708461217,0.13867302622113914,0.16577674320765903,0.28060874111798345,0.5228700910295759,0.2798610088776569,0.3553579602922712,0.3000131457968026,0.049076019014630996,1.0000000107045075,0.37514844111033857,0.08806421075548444,0.09311093389987947,0.09681129455566406,0.16436118936660335,0.5511888776506696,0.36737942999723,0.26393563406808035,0.2574721261554834,0.6480001722063337,0.27727140073797524,0.0350424987929208,0.9999999943740514
random,0.3,25,0,1581,792,789,21,236,0.46670435839653945,0.10687720370130474,0.1046976753527731,0.11411363251355229,0.14094441671529015,0.16286188242386798,0.28765354675500576,0.6161473073115965,0.2456420925314618,0.2769755149374203,0.3037103882133671,0.042444443216129224,0.9999999972196084,0.3799017169037643,0.1764489242008754,0.10178163480393736,0.1970243113381522,0.1441113322365041,0.3440901892525809,0.37420530890931897,0.2824366092681885,0.24589296354323012,0.5411144665309361,0.27271690291865747,0.12105851513998848,0.9999999928535248
random,0.3,25,1,1919,792,1127,20,338,0.44999435337222354,0.10647315979003906,0.11329596346738384,0.10698308944702148,0.1404368422469314,0.19453659057617187,0.2962728473604942,0.5920071738106863,0.25373280315983054,0.3015196936471122,0.3054762348304599,0.05004129409790039,1.0000000064470331,0.3502802803200119,0.1324737582887922,0.0998909006617507,0.1562269926071167,0.19751249664292042,0.5475254058837891,0.35231632450405437,0.16377382619040354,0.29740339791288184,0.7037523814610073,0.2691420922816104,0.07120708908353533,1.0000000021287374
random,0.3,26,0,2326,792,1534,21,460,0.4384813262375959,0.1184584429474915,0.11311912837830182,0.16928744153911565,0.1522088567531723,0.1831321975811809,0.2961906897894263,0.529121917932212,0.2653279855948727,0.35241963912029656,0.293187088330355,0.04759015517980874,1.0000000011584964,0.3732313256786794,0.052549775157655985,0.12213849899720174,0.35610478264944895,0.14721594332736368,0.364344664982387,0.3574142261427276,0.2270007303782872,0.26935443951159105,0.7204494476318359,0.28640393819659943,0.03045208752155304,0.9999999941459725
random,0.3,27,0,2129,792,1337,21,401,0.45186498167447614,0.11106004520338408,0.12350836161621805,0.13882232198909839,0.14452598961495564,0.17253003801618302,0.2801006769415704,0.5775875688410129,0.2680343483349325,0.31135237298044216,0.3007248429358874,0.029322572305899897,1.0000000098472204,0.39070619277808116,0.12254856313977923,0.09662491714163703,0.13982197216578893,0.12103352467624506,0.21851939814431326,0.39163536076643035,0.5191100665501186,0.2176584397651711,0.3583413873400007,0.2774270222028147,0.006080145282404763,0.9999999953623936
random,0.3,27,1,2236,792,1444,18,433,0.4659870346657543,0.13732133592878068,0.11138244767307963,0.13606713310120597,0.15540330480285783,0.2257390400720021,0.267227209614518,0.5008725060356988,0.2667857551790959,0.36180617317320807,0.3059117652458939,0.06288308567470974,0.9999999967562097,0.340892248007716,0.36386544363839285,0.12305754902107377,0.13087572370256698,0.12603340982174388,0.04614007898739406,0.41001678729543883,0.45911877495901926,0.2490909583106333,0.1770157984324864,0.25132537145186595,0.2920042446681431,0.9999999941459725
random,0.3,32,0,2231,792,1439,22,431,0.42996715791592577,0.1196105263449929,0.11040552936369945,0.10693644238756848,0.15543482277079285,0.1533027376447405,0.3041924837568916,0.6201502812373174,0.26584035434616743,0.2602391924176897,0.29040150868262343,0.06558858574210823,0.9999999938073096,0.31876905992323035,0.17731147153036936,0.09762667317171482,0.11241799592971802,0.1469804132167174,0.1305774109704154,0.43662385247191604,0.579693113054548,0.24460708790895894,0.24299541541508266,0.23934955620301923,0.17367989676339285,0.9999999987835786
random,0.3,32,1,2514,792,1722,24,516,0.428396232274114,0.1105721564519973,0.12461355957044225,0.17984854607355028,0.13751826845869727,0.14876592726934523,0.30947194841443276,0.5608133588518415,0.26213182843461325,0.32861446198962985,0.28706572960023163,0.04492890267145066,1.0000000087176864,0.41901167740627215,0.17418357304164342,0.07736897278501063,0.10267295156206403,0.13056619328503707,0.10637578793934413,0.37305315112581056,0.6167676789419991,0.20793516264886266,0.20904874801635742,0.2722804639037052,0.10483947822025844,0.9999999946021305
random,0.3,33,0,1567,792,775,19,232,0.47005502186579556,0.14626928917447427,0.09031617539013496,0.11502187771904737,0.16053446983292327,0.2071009327594499,0.27909432830154957,0.5316078931765449,0.25085064240608257,0.3221228176489809,0.3050436918832818,0.06129804051908335,0.9999999953904034,0.3702047515888603,0.18547122819083078,0.08589453425030318,0.10710395233971733,0.19190397980261825,0.27177752767290386,0.35199672835213797,0.4356472832815988,0.27779850971942044,0.37888145446777344,0.27378499201898066,0.13780929361070907,0.9999999939939197
random,0.3,35,0,1966,792,1174,20,352,0.4513725524045983,0.12456305367606027,0.1164881607707666,0.11890580313546317,0.158270935379729,0.22905496869768416,0.2738683532695381,0.5274762289864676,0.27475909797512754,0.34796077183314733,0.2955287199163315,0.05898603711809431,1.000000001824632,0.3488338866404125,0.05164322682789394,0.10612989551558787,0.07578997952597481,0.17633279245726916,0.359565121786935,0.3687034273634152,0.5130016803741455,0.28246269207827907,0.4353550842830113,0.25918653777477385,0.026206642389297485,1.0000000019766846
random,0.3,35,1,2007,792,1215,17,364,0.46084352730273637,0.12863111896675175,0.11129668766424723,0.14291503649799764,0.15121865100791904,0.2143497306759618,0.27664113817524083,0.5141041218733587,0.2625153350944565,0.35726473511767987,0.3057004270487044,0.07481210372027229,1.0000000041501433,0.36389236874422254,0.031136348843574524,0.11077373505246882,0.13435452325003489,0.14314418468548326,0.048200326306479316,0.38218971509106303,0.786308833530971,0.2539179233872161,0.18255485807146346,0.2740940447820693,0.030993235962731496,1.0000000035732377
random,0.3,36,0,2255,792,1463,18,438,0.45466401841905385,0.1311961885482546,0.12429802055531888,0.12003946304321289,0.1601680571259825,0.21923053075396826,0.2608699022777497,0.5295338100857205,0.28446607930319645,0.33927003164140007,0.3048601201788233,0.07860565185546875,0.9999999983781049,0.37391666094867554,0.02945671762738909,0.11464438473387639,0.05208873323031834,0.1384013640333195,0.3114429882594517,0.37303758944783894,0.6070115906851632,0.2530457486911696,0.3635317257472447,0.2666502089182637,0.01076352596282959,0.9999999991637104
random,0.3,36,1,2612,792,1820,20,546,0.4299986002396564,0.13934252602713448,0.11309201559241935,0.12767692293439592,0.15152499359481184,0.2268143517630441,0.30538439458730265,0.5061661856515067,0.26461701149843175,0.35449128832135884,0.29139455336013004,0.06793771471296038,1.0000000040141903,0.32303801118111125,0.17196801730564662,0.0989142066361953,0.1184161901473999,0.13561416219691838,0.07918553692953927,0.44243361329545783,0.6304302215576172,0.2345283715700617,0.19760172707693918,0.25427393583884955,0.14842237745012557,0.9999999933096827
random,0.3,37,0,1864,792,1072,23,321,0.4430116181259359,0.14649815292832274,0.11104375076378568,0.1519812589846783,0.1582537611290323,0.1544721852178159,0.28769087156788264,0.5470484384098409,0.26929751601807295,0.30645344420249415,0.2947184820299986,0.062496825034573954,1.0000000015866366,0.3426087611183829,0.10621710334505353,0.10058501362800597,0.1215874467577253,0.2011433958399052,0.4888678618839809,0.35566283002191657,0.28332761355808805,0.30172840764327924,0.6104552405221122,0.2657747338620983,0.07127664770398821,1.0000000006082108
random,0.3,37,1,2083,792,1291,45,387,0.394056228931799,0.0952699449327257,0.10809199328865862,0.09895541478717138,0.1676999081289417,0.13910551525297618,0.33015186975872707,0.6666691371372768,0.2757919021744846,0.2380609421502976,0.28290577606549344,0.042658130706302706,1.0000000001081264,0.3182246113310055,0.06983814920697894,0.08624418840116385,0.25725546904972624,0.18886131382718382,0.11350997856685094,0.40666989039401624,0.5593964031764439,0.275105504357085,0.3707654135567801,0.2508015686132926,0.06541870321546282,1.0000000039533694
random,0.3,38,0,1601,792,809,19,242,0.4726586592824836,0.13867375366669848,0.09393690108740751,0.10154225055436443,0.15582950350805458,0.16706575666155135,0.277574931256369,0.5927182534583529,0.24976640357110733,0.26860800721591577,0.3095988062651533,0.0726343886296552,0.9999999951343147,0.35982894228429213,0.10394770758492607,0.08696704859636266,0.07554732050214495,0.18230528490883963,0.41936724526541574,0.37089872603513757,0.40113769258771625,0.26927233715446625,0.4949145657675607,0.2593842976517519,0.05983238986560276,1.000000001824632
random,0.3,38,1,1784,792,992,21,297,0.44047107779944955,0.16407635747169963,0.09977617567320028,0.1127746867484787,0.15870699254602225,0.21333660722589817,0.3010457481888455,0.5098123355787627,0.2584831712313134,0.3261112809992161,0.2951114520908445,0.08375756918978529,0.9999999942075175,0.39928707845357,0.18267486776624406,0.10166622911180768,0.183654751096453,0.155555645270007,0.18776355470929826,0.34349105491930126,0.44590684345790316,0.257221874229762,0.3714183398655483,0.3074784528331033,0.13856702191489084,1.000000007754686
random,0.3,39,0,1757,792,965,29,289,0.4450973870467335,0.13027136666434153,0.10950116638060106,0.12423434515891991,0.16807379074955725,0.20540893254021705,0.2773276606887935,0.5400853650323276,0.27757495494898904,0.32964328709494306,0.2993162418653393,0.05471089085921865,1.0000000048656854,0.38308108917304445,0.308581931250436,0.0822008380628362,0.10033232825142997,0.1792117001450792,0.244518552507673,0.3555063830346477,0.34656715393066406,0.26141254269346903,0.34485091481889996,0.2778840802647934,0.11815149443490165,1.0000000104156075
random,0.3,39,1,2147,792,1355,25,406,0.4213142208177216,0.14586240495954242,0.1139573647051441,0.10777923583984375,0.17438054493495395,0.17832162039620536,0.2903478682771022,0.5680367170061384,0.28833791071054893,0.2861008562360491,0.2967266247345477,0.08381344386509487,0.9999999987349217,0.3841966031765452,0.211395263671875,0.10253602106656348,0.18646042687552317,0.18435409984418324,0.36684346199035645,0.32891326960252265,0.23530077934265137,0.2868901311743017,0.5533039229256767,0.30335009136066143,0.15404575211661203,0.9999999936898146
random,0.3,40,0,1881,792,1089,17,326,0.4675158343824589,0.1502384378128693,0.1101553647601161,0.13195786355924205,0.1549507577021439,0.18830092614438354,0.2673780432983893,0.5295028045397847,0.2651061238933439,0.32025877367548583,0.30404753861378636,0.0760816766434357,1.0000000001431082,0.3378209754520534,0.11634562696729388,0.10890954307147434,0.07370678867612566,0.17879255739401798,0.47865370341709684,0.3744769151113472,0.3312938553946359,0.2877020975764917,0.5523605006081718,0.24941575642180985,0.04684011425290789,0.9999999910288929
random,0.3,40,1,2307,792,1515,22,454,0.41899936097451185,0.1149537470433619,0.11398726956079087,0.1465535101952491,0.17079210060204555,0.16809800383332488,0.2962212677568142,0.5703947389280641,0.28477937215334403,0.3146514892578125,0.28743904558095057,0.0652293787374125,0.9999999988941624,0.355791538231531,0.012989935066018785,0.11440240652585516,0.07266858645847865,0.16324603116633946,0.1930420228413173,0.3665600242663403,0.72129944392613,0.27764843860451055,0.26571060929979595,0.27185147304838636,0.0006942836168621268,1.000000000190066
random,0.3,43,0,1630,792,838,16,251,0.4788201493876322,0.14848205021449498,0.09836156818331501,0.1313533272062029,0.15785876691949605,0.21667580945151194,0.26495951231645076,0.5034888131277901,0.25622033586307447,0.34802913665771484,0.3105021976124572,0.09284868410655431,0.999999996806894,0.36553205336843225,0.2076223407472883,0.08113755437792565,0.10015899794442314,0.16949724922983014,0.39213119234357563,0.3838331389183901,0.30008745193481445,0.2506348037598084,0.49229019028799875,0.26366731283083866,0.1379194940839495,0.9999999958945781
random,0.3,43,1,1783,792,991,21,297,0.4390925716959932,0.13430848413584184,0.09734891709827241,0.12491951507775961,0.14411335424732769,0.15588630624368888,0.3194451656471305,0.584885733468192,0.24146226937615606,0.28080583429660927,0.29709645184761574,0.05991043687677708,1.0000000086887237,0.3607425148389777,0.19459496225629533,0.1066474969289741,0.18855081285749162,0.1405231640959273,0.12409240858895439,0.3920868239840683,0.4927618162972586,0.24717066360979664,0.312643221446446,0.2856233213096857,0.1695916141782488,0.9999999998479474
random,0.3,44,0,1790,792,998,17,299,0.47873520937000297,0.19426914824157202,0.09349582425686491,0.10633028655492958,0.15661647568802306,0.15760857718331472,0.27115248632030325,0.5417920280905331,0.25011229801292456,0.26393887175231423,0.3174318701637034,0.11714181980165113,0.9999999956351941,0.38330204207070023,0.3627382687159947,0.06616486327684656,0.04475978868348258,0.12435184601618322,0.1939558812550136,0.42618124764792775,0.39854608263288227,0.19051671180189872,0.23871566568102157,0.2743793645189429,0.20599257946014404,0.9999999990116578
random,0.3,44,1,1899,792,1107,21,332,0.4531390794396285,0.1668043331224091,0.09194411411229793,0.08230228813327088,0.14384769999482772,0.18506851974798708,0.3110691099287354,0.565824858996333,0.23579181480222364,0.267370807881258,0.30216767377535964,0.09167027635639216,1.0000000034754897,0.3386937182168571,0.11756596394947597,0.0889571950751908,0.12581448895590647,0.16126661428383418,0.36209021295819965,0.4110824709035911,0.3945293426513672,0.250223811183657,0.4879046848842076,0.2542407118183161,0.09229108265468053,0.9999999984794732
random,0.3,44,2,2395,792,1603,18,480,0.4340739617812662,0.14989479004390657,0.11671151879693378,0.13829945761059959,0.14407398316865608,0.1916937752375527,0.3051405407133556,0.5201119922456288,0.26078550074916845,0.3299932328481523,0.2950585857625045,0.07864743187313988,1.0000000044602118,0.3421270248233056,0.13049309594290598,0.10982943303426915,0.16563214574541366,0.16947760607819168,0.42157769203186035,0.37856593606423367,0.28229706627982004,0.27930703394267026,0.58720976965768,0.26918403801451224,0.061486248459134786,1.0000000000000002
random,0.3,45,0,2330,792,1538,18,461,0.4412648818390169,0.1331838123382084,0.11656703821926159,0.16453288850330172,0.16378227626385336,0.18190200745113314,0.27838579867702495,0.5203812614319816,0.2803493156995362,0.3464348808167473,0.294045110408411,0.06396062790401398,0.9999999949991568,0.36245941325109843,0.2133176326751709,0.09375945957643646,0.14406899043491908,0.13359002784198645,0.25320145062037874,0.4101910968216097,0.3894119603293283,0.22734948749444922,0.3972704069955008,0.2668811330115613,0.11022731236049108,0.999999997491131
random,0.3,45,1,2612,792,1820,25,546,0.401808615703972,0.09511223929268973,0.11787370574717618,0.1123394775390625,0.18483902989601605,0.1866584995814732,0.29547864466297385,0.6058898053850447,0.302712734378114,0.2989979771205357,0.27807575206367335,0.045442608424595424,0.9999999960101382,0.31978697200514833,0.00789092481136322,0.0900468023075741,0.09275861297334943,0.18960158177176298,0.541888952255249,0.40056465018768694,0.3574615206037249,0.27964837909961243,0.6346475737435477,0.251444969107682,0.0033452739673001425,1.0000000062721723
random,0.3,46,0,2312,792,1520,23,456,0.4278583856631721,0.10388225057850713,0.12338585565866575,0.13703046526227677,0.14505833318620628,0.0997119334913929,0.3036974322616049,0.6593753506678232,0.2684441882102174,0.23674238690678379,0.28792237037563073,0.056954632634701935,1.000000006769649,0.3275777715809491,0.08009447370256696,0.12125969328442401,0.1526855570929391,0.16042052787177416,0.4193180969783238,0.39074200939159004,0.34790188925606863,0.2816802144658809,0.5720036370413644,0.24821706988601663,0.05683472326823643,1.0000000021287374
random,0.3,46,1,2728,792,1936,25,580,0.42089726662149235,0.10601082938058036,0.12274614742824008,0.15300345284598213,0.14033780175812388,0.18137730189732143,0.31601878419214363,0.5596084158761161,0.2630839495756188,0.3343807547433036,0.2892966559042735,0.04396495819091797,0.9999999999999998,0.3613331147602627,0.09512966019766671,0.1282686242947773,0.31800821849278044,0.12623140793673848,0.29451959473746164,0.3841668574177489,0.2923425946916853,0.2545000348164111,0.6125278472900391,0.27958750663021087,0.04498718040330069,1.0000000044095274
random,0.3,50,0,2464,792,1672,17,501,0.4438293810222759,0.09894391067889559,0.12516548925516557,0.16190530472442882,0.1510847172960371,0.22160419496167608,0.2799204182939655,0.5175465816209296,0.27625020612187756,0.38350946762982535,0.2971282705825632,0.04719496174018924,1.000000005867444,0.32392079854498107,0.08474645444325038,0.14281986942704844,0.12304587023598808,0.14699974945005106,0.2501412459782192,0.3862595813614981,0.5420664037976947,0.28981961766067815,0.37318709918430876,0.24409940117513945,0.07309815713337489,0.9999999987835788
random,0.3,50,1,2713,792,1921,18,576,0.43229126011162916,0.09523061722043961,0.1285511829685462,0.14701207478841147,0.16185809479278773,0.21742999364459326,0.2772994614512472,0.5403272840711806,0.2904092703276481,0.3644420381576296,0.2975888203136842,0.045073789263528494,0.9999999993242104,0.33963073573398345,0.008291422256401606,0.1320898470525839,0.15381268092564174,0.15665179992816888,0.22644594737461635,0.3716276196800933,0.6114499228341239,0.2887416430273834,0.3802586283002581,0.2558198206136194,0.000376334014747824,1.0000000023948297
random,0.3,50,2,2713,792,1921,18,576,0.433777246615784,0.11112998780750093,0.12642160443221634,0.11427765800839379,0.15758012089869872,0.212417481437562,0.2822210377846716,0.5621749030219184,0.2840017239793357,0.32669512430826825,0.2974689312515751,0.059934669070773654,1.0000000097313706,0.34868924791107375,0.0606170083795275,0.11319355484174222,0.08336189814976283,0.167614041694573,0.30656453541346956,0.37050316954145623,0.5494565963745117,0.28080759455963056,0.3899263995034354,0.265419886048351,0.02628901387963976,1.0000000139888452
random,0.3,50,3,3621,792,2829,18,848,0.4156666731888475,0.09351300436352926,0.13835016102477266,0.17504318176753939,0.17065461341485957,0.21043234022836838,0.2753285558856263,0.521011473640563,0.30900477389900055,0.38547552199590773,0.2961488227759088,0.05014453237018888,1.000000003514106,0.3323842490053907,0.027467291269983565,0.13694485596248082,0.12301812853131976,0.16720609017172636,0.21239587238856725,0.3634647994625325,0.6371186801365444,0.3041509453739439,0.335414000919887,0.2669888720182436,0.023673740880829946,0.9999999946021304
random,0.3,51,0,1860,792,1068,22,320,0.4542728532002012,0.16289834852342483,0.10145858997316663,0.09284774978439529,0.15753861128288651,0.23906465010209518,0.2867299479765883,0.5051892763608462,0.2589972021407232,0.3319124246572519,0.30085576398916725,0.07040924220890193,1.0000000024328426,0.3960274993156901,0.25858323914664133,0.093072452487386,0.18565077441079275,0.15575680532017536,0.20830249786376953,0.3551432496430923,0.3474635056086949,0.2488292528658497,0.3939532552446638,0.283792540440526,0.1671945197241647,1.0000000067663437
random,0.3,51,1,2325,792,1533,26,459,0.4168137411120548,0.09487835391537174,0.12167913666699703,0.17127570477160778,0.15926170077765572,0.17233341342800265,0.3022454151740441,0.5615125802847055,0.28094083510538104,0.3436091077196729,0.2857606951118076,0.041263150644826364,0.9999999937307518,0.33694979852559614,0.1942998170852661,0.10447445587844263,0.11729932682854789,0.180480813949692,0.4538811274937221,0.3780949289093213,0.23451972007751465,0.284955276518452,0.5711804458073207,0.24909833079318003,0.11270708697182792,0.9999999972630521
random,0.3,52,0,1860,792,1068,22,320,0.4494700285853172,0.14307524941184305,0.11395763952789591,0.09405647624622691,0.14769909996712144,0.22318797916560978,0.28887323656418323,0.5396802827909395,0.2616567386103473,0.317244443026456,0.29905887780251444,0.05946114156153295,1.0000000046445179,0.3939045673730421,0.28237361567361013,0.10937463499757712,0.21541861125401088,0.14640031519288918,0.15643136841910227,0.3503204833488075,0.34577642168317524,0.25577494866993966,0.3718499796731131,0.28649692345714683,0.1990058422088623,1.000000000912316
random,0.3,52,1,2130,792,1338,26,401,0.42949716075436106,0.1266743377014831,0.11557164371855778,0.1342630386352539,0.14909773615877517,0.1881914243593321,0.30583345740331774,0.5508712097838685,0.2646693816551795,0.32245447347452355,0.292435219748241,0.05236826886187543,0.9999999980350118,0.35166316190544433,0.16430912699018205,0.09830847979352185,0.10038524866104126,0.16354828966515406,0.4777629716055734,0.3864800692821036,0.2575426271983555,0.26185676911655736,0.5781482287815639,0.2544204140775742,0.11240645817347936,1.0000000006462237
random,0.3,52,2,2520,792,1728,28,518,0.41249308294179493,0.09984257756447305,0.1264804016049332,0.1423549457472198,0.15138220891313023,0.21037047249930246,0.30964430254332875,0.5474320236517458,0.27786260895409315,0.3527254377092634,0.28305352489808816,0.03853911283064862,0.9999999960031871,0.32678254039920107,0.03634666545050485,0.12961341763789555,0.11663204431533813,0.17464239423980518,0.6254338536943708,0.36896165293090183,0.2215874535696847,0.3042558078863183,0.7420659065246582,0.2539103457618657,0.02942995514188494,1.0000000052078037
random,0.3,53,0,2207,792,1415,22,424,0.43645787062140695,0.0883068728756595,0.12021833547634628,0.13719521559678116,0.1634292242036016,0.1840099235633751,0.2798945742325792,0.5904879879641842,0.2836475624445418,0.32120513916015625,0.29501983468768106,0.043438657537683265,1.0000000045339341,0.34293709132744343,0.06685253126280648,0.10277318810017745,0.13487014600208827,0.16090175676710747,0.27530087743486675,0.39338797391677377,0.5229764665876117,0.2636749464638379,0.4101710319519043,0.2523010600244208,0.054892510175704956,1.000000010111502
random,0.3,54,0,1769,792,977,25,293,0.43717203412737166,0.14311710902622768,0.11803020837355635,0.09502668108258928,0.1492166468561912,0.18914746965680804,0.29558111268646864,0.572708740234375,0.26724685552168864,0.28417415073939734,0.29236064913321513,0.06650372096470424,1.0000000020435877,0.3792806024454079,0.31469597135271343,0.1062832094576894,0.14597604955945695,0.15807004394579907,0.16487857273646764,0.3563661417182611,0.37444945744105745,0.26435325370759377,0.3108546393258231,0.27518531095654686,0.21491336822509766,0.9999999975671574
random,0.3,54,1,2586,792,1794,27,538,0.4181162119812796,0.11513617177488943,0.11879967922346214,0.1343050659018219,0.16087368159968116,0.193023923843626,0.30221042647473484,0.5575348384796627,0.2796733561376686,0.32732899983723956,0.28818824748175664,0.045445255501560436,0.9999999992791577,0.3296204720224653,0.1154874392918178,0.11491573145803137,0.128845180783953,0.1759432847706639,0.5560802732195173,0.3795205126611553,0.1995870896748134,0.2908590189656433,0.6849254880632673,0.24825775786302984,0.04759749344417027,1.000000000912316
random,0.3,55,0,2286,792,1494,28,448,0.42904682930982496,0.08931544362282266,0.1045120078690198,0.10580987346415617,0.15596170084817068,0.20129133730518575,0.3104794616254356,0.603583355339206,0.2604737094122883,0.30710121076934194,0.30422149711551894,0.04133610822716538,0.9999999996524511,0.36239631261144367,0.10427168437412807,0.08057418271747172,0.09058638981410436,0.19471900347544221,0.3563690185546875,0.3623105007774976,0.4487729072570801,0.27529318630695343,0.44695537430899485,0.26052493717977593,0.07436330829347883,0.9999999995818553
random,0.3,56,0,2083,792,1291,17,387,0.4586465796645808,0.13205183654272257,0.10055994186080804,0.10846511456144958,0.1550140372272872,0.15397365153336726,0.2857794449681422,0.6055093973624606,0.2555739802329623,0.2624387660948168,0.30696347992674916,0.08138794458212972,1.0000000037208183,0.3865308481819775,0.3300872189658029,0.07102565893105098,0.17735389300755092,0.1384882589384001,0.17272210121154785,0.4039552315157287,0.31983678681509836,0.20951391634892444,0.3500759942190988,0.2904197184121883,0.2644920349121094,0.9999999975671574
random,0.3,57,0,1959,792,1167,17,350,0.4716578611806662,0.1434452313335002,0.12031388311397553,0.1189491368141495,0.1473150296228416,0.20845268954749868,0.2607132280860342,0.5291529423048517,0.2676289147403346,0.3274018423897879,0.3149677636314268,0.08676538547547925,1.0000000020035176,0.3587465882301331,0.141282285962786,0.10791050175166864,0.04118490644863674,0.1973888025600083,0.539032118661063,0.3359541103852039,0.27850072724478586,0.3052993036654531,0.5802170208522252,0.27794323357924516,0.1095863836152213,1.000000002927014
random,0.3,58,0,1935,792,1143,16,342,0.47209432721138,0.13578135626656668,0.11352312260744525,0.11853969948632377,0.14824636265331387,0.23841377667018346,0.26613618372654435,0.5072651590619769,0.26176948814975975,0.3569534846714565,0.30753908013658865,0.0694082762513842,0.9999999961986834,0.40114743916355833,0.07556704112461635,0.0899956736485569,0.08899354934692383,0.15058934947057648,0.3081580570765904,0.35826754326723054,0.5272813524518695,0.24058502334721238,0.39715157236371723,0.28690941181337953,0.0038794891110488345,1.0000000055499223
random,0.3,58,1,1974,792,1182,20,354,0.4376450013141242,0.14990716661725725,0.10532632068711885,0.11174990790230888,0.15356017424135793,0.2069345610482352,0.3034685015678406,0.5314084189278739,0.2588864934687712,0.3186844689505441,0.29233320732505963,0.07311620712280273,0.9999999978104417,0.3182233164505082,0.1411541359765189,0.10462263705474988,0.09957303319658552,0.14776188849794622,0.13140579632350377,0.4293921608097699,0.6278670174734933,0.2523845269971964,0.23097882952008927,0.24325859808952227,0.13499619279588973,1.0000000028129743
random,0.3,59,0,2078,792,1286,18,385,0.44782974984910756,0.11410790398007348,0.13113237995139054,0.13937256828187003,0.155255885080956,0.2616218687996032,0.2657819851185459,0.48489767407614087,0.28638826476203066,0.4009944370814732,0.3009619192302632,0.05475934724959116,1.0,0.3825085842791869,0.037226076636995585,0.1799384861880419,0.1571956021445138,0.10239837052566662,0.2145228385925293,0.33515455102433966,0.5910554613385882,0.28233685602947156,0.3717184747968401,0.30797519945309076,0.00022208848635533026,0.999999992017235
random,0.3,59,1,1849,792,1057,38,317,0.4198168048797181,0.11404843437940554,0.10252419347793794,0.11637397995568756,0.14199604588599773,0.13180424396256754,0.335662966255983,0.6377733273613722,0.2445202365469599,0.24817823825922228,0.29282683539019233,0.05943618860459866,1.0000000104996367,0.4252065444479182,0.1992150374821254,0.05930731261187061,0.07001345072473798,0.06922341883182527,0.05097222753933498,0.4462627294112226,0.6797992161342076,0.1285307341236241,0.12098566974912371,0.3187308067988072,0.17399586950029647,1.0000000053028368
random,0.3,60,0,2024,792,1232,23,369,0.42954398682398826,0.08715383162409622,0.11481561698845877,0.10488189081227557,0.1659907130086538,0.22408313632751845,0.28964969576621546,0.583881117542338,0.2808063265065123,0.32896503898667995,0.2907334892699014,0.033575312691445675,1.000000012587316,0.34563332431170396,0.14382810252053396,0.09337175287762467,0.10990263734545026,0.17598905353521813,0.2723339285169329,0.38500586517003116,0.47393533161708284,0.2693608086936328,0.3822365828922817,0.25763946615767724,0.10747967447553362,0.999999995894578
random,0.3,60,1,2755,792,1963,24,588,0.43928324689670484,0.08951460747491746,0.11058004798532346,0.09715370904831659,0.1677713623257721,0.2127664429800851,0.2823653425894627,0.6005652291434151,0.2783514103110956,0.3099201520284017,0.30626255721740786,0.039024103255498974,0.9999999997972633,0.350743367355697,0.0647175737789699,0.09439718320357555,0.12482142448425293,0.15062283025104173,0.3989693096705845,0.404236618353396,0.4114917005811419,0.2450200100334323,0.5237907341548375,0.2718634473882159,0.05236939873014178,0.9999999991637103
random,0.3,63,0,2264,792,1472,18,441,0.4657303567916629,0.15744660392640128,0.11206749264074832,0.10267425718761626,0.1520074176139572,0.1647240472218347,0.2701947395763699,0.5751551068018353,0.26407490836249453,0.2673982892717634,0.3144056057713739,0.08719919598291791,1.0000000066227384,0.3634146570551152,0.2915104457310268,0.1385369034750121,0.19511382920401438,0.13741160655508236,0.05868310587746756,0.36063683032989496,0.45469256809779574,0.2759485153519377,0.25379691805158344,0.27830310148776183,0.274831805910383,0.9999999974151046
random,0.3,63,1,1628,792,836,20,250,0.4418230523868482,0.15833279745919362,0.10512392958816215,0.1415978022984096,0.15493790957392478,0.19242797579084123,0.2981151113704759,0.5076413835797992,0.26006183721581283,0.33402579171316965,0.28895086799653213,0.07474806649344308,1.000000002919411,0.36604700222307324,0.21515493733542307,0.0943168332534177,0.10131548132215228,0.16395579308879618,0.2153310775756836,0.37568036147526324,0.46819850376674105,0.2582726302195569,0.31664654186793734,0.28074393095448613,0.1617992094584874,0.9999999900405503
random,0.3,64,0,1703,792,911,22,273,0.4636944370942125,0.13183663108132102,0.11389680917276301,0.1568925040108817,0.15026532586297653,0.15787377295556007,0.2721434212350226,0.5533970919522372,0.2641621387955872,0.31476627696644177,0.29918274590279037,0.05109730943456873,0.9999999933649746,0.41075078382784,0.07267544950757708,0.16288563502686362,0.38987323216029574,0.10298525846126128,0.05898920978818621,0.32337833059077353,0.47846215111868723,0.2658708928799143,0.4488624164036342,0.3091010978179319,0.03788409062794277,1.0000000079067384
random,0.3,64,1,1887,792,1095,22,328,0.4466513901783054,0.13546698434012278,0.09404238909206498,0.0825689984606458,0.15363506527690143,0.20531071006477652,0.30567115069762674,0.5766533195198357,0.24767745005619982,0.2878796961400416,0.29271754311442594,0.06022987737284078,0.9999999952448986,0.4804294507722465,0.2840095247541155,0.05741640484454681,0.15081700256892613,0.08719563970760422,0.20181867054530553,0.37495849935375913,0.3633548191615513,0.14461204576857237,0.35263565608433317,0.3153496276948374,0.157589214188712,0.9999999946781567
random,0.3,66,0,2358,792,1566,26,469,0.4093563362043731,0.07120932065523587,0.11229622476329233,0.10334813463818895,0.16843300749031673,0.13984996669895047,0.30991443622056136,0.6855925675276872,0.2807292328150343,0.24319808037726434,0.2821383748899449,0.0315266598711957,1.0000000046785436,0.329853506264638,0.047733064208711894,0.1075468078559759,0.1904055050441197,0.18347589352301186,0.32716519492013113,0.37912378809889974,0.4346961975097656,0.2910227021392511,0.5175706999642509,0.2534621962517196,0.03761952689715794,0.9999999957425254
random,0.3,68,0,1818,792,1026,16,307,0.47687108115274085,0.18489418710981095,0.11135690522437192,0.1263773271015712,0.15264820322698472,0.20991008622305735,0.25912380400969065,0.478818416595459,0.26400511027598866,0.3362874303545271,0.3125068999218698,0.09922066756657191,0.999999993613788,0.4235563624878319,0.22802652631487166,0.06406172992167425,0.037979492119380405,0.14704111431326186,0.13942444324493408,0.36534078814545456,0.594569478716169,0.21110284662976553,0.17740394387926375,0.2666511051356793,0.06220715386526925,0.9999999948682226
random,0.3,68,1,1845,792,1053,20,315,0.44781469179659456,0.1532850674220494,0.10609438966731637,0.14402156557355608,0.14730644968091225,0.19140984671456474,0.29878447882983156,0.5112835475376674,0.25340083764523874,0.335431398664202,0.3013743062408603,0.08657549449375697,1.0000000099746547,0.3375138631280587,0.09506944247654506,0.09465900078719977,0.18031001091003418,0.1251596134840226,0.06669206704412188,0.4426675177350336,0.657928466796875,0.21981861244659037,0.24700207369668142,0.25791549517259915,0.0931047967502049,0.9999999951343146
random,0.3,71,0,2412,792,1620,20,486,0.43675009279834975,0.1073354993547712,0.11621501530919758,0.11846937452043806,0.14837641533540216,0.18401504244123187,0.2986584811794515,0.5901800973074777,0.2645914335640109,0.3024844033377511,0.29605206114297006,0.04495993682316372,1.000000004622401,0.339980157662411,0.2206052201134818,0.10115693448757641,0.13467845746449061,0.16108694520531866,0.13133988210133143,0.39777596811858984,0.5133764062608991,0.26224387665184185,0.26601835659572054,0.2621590376555995,0.14062901905604772,1.000000005473896
random,0.3,71,1,3015,792,2223,36,666,0.39385255718447454,0.09534015352763826,0.1138831063463034,0.13035323127867685,0.1547273565041505,0.15521429455469524,0.33753698347917765,0.6190923055013021,0.26861046285045387,0.28556754097105963,0.28448365677714077,0.0360208617316352,1.0000000035141061,0.3243825824893251,0.16404797349657332,0.1055559021781902,0.24967522280556814,0.14545453278994072,0.12361829621451241,0.42460698132612257,0.4626584734235491,0.25101043527223627,0.37329353604997906,0.2540089831953602,0.1603802101952689,0.9999999987835786
random,0.3,72,0,2390,792,1598,17,479,0.45188597413529014,0.10936686571906595,0.12196763208648023,0.156806753463104,0.15838172498728187,0.1449915461179589,0.2677646707944653,0.5888348747702206,0.28034935993593,0.3017982995810629,0.29834964250673907,0.041561335074801406,1.0000000020035176,0.39818757772445684,0.10298700843538557,0.08493144255207509,0.021395061697278703,0.15876860870998732,0.47270400183541433,0.3581123741305604,0.4029139110020229,0.24370005392298408,0.4940990720476423,0.27878563549863744,0.005411128380468914,1.0000000031170795
random,0.3,72,1,1969,792,1177,23,353,0.44579473172232653,0.09857488122786054,0.11113114703939145,0.14190414381323394,0.15534895610893945,0.1603519250147091,0.28772516534089404,0.5991690499441964,0.2664801027252278,0.3022560451341712,0.29882063224792693,0.04752554212297712,1.0000000002115514,0.3390320476372631,0.021763829248292104,0.13419663191449888,0.16343215533665248,0.1712441510539882,0.4554917131151472,0.35552716711345994,0.3593122959136963,0.30544078350067133,0.6189238684517997,0.2628377023846747,0.00894489245755332,0.99999999771921
random,0.3,74,0,2043,792,1251,19,375,0.4421675346079497,0.12164389818234551,0.1435581493070379,0.15371741388077126,0.14065460846324232,0.17956815447126115,0.2736197112070119,0.5450705621475563,0.2842127557215706,0.33328556835203244,0.2958893312899562,0.0455295555573657,1.0000000035852419,0.34462320591722223,0.17057551656450545,0.11182239013058796,0.14355576038360596,0.1324104111717672,0.32417515345982145,0.4111439914119486,0.3616935525621687,0.2442328066241984,0.4677309308733259,0.25897074800592906,0.13946545124053955,0.999999998631526
random,0.3,74,1,2350,792,1558,18,467,0.4505050322906771,0.14011700948079428,0.13044714616810116,0.15495960296146452,0.15197930300857476,0.18758528573172434,0.26706852069517384,0.5173381018260169,0.2824264505282551,0.3425448886931889,0.3045888261493642,0.05944462428017268,1.000000002162527,0.34301063418388367,0.10825836658477783,0.10931823569901135,0.13014658008302962,0.2165630198254877,0.47408860070364817,0.33110810907519594,0.28750647817339214,0.3258812552203937,0.6042351722717285,0.25760536825246344,0.010998938764844621,0.9999999987835786
random,0.3,75,0,2370,792,1578,31,473,0.38749240337821345,0.09114670643608691,0.1268031190617293,0.10658353814331617,0.16318536605232242,0.16313380579794606,0.32251911464688643,0.6391359672019009,0.28998848323056065,0.26971734394126223,0.2683299328638896,0.04488715598110779,1.0000000031391516,0.33972454755281906,0.06164035201072693,0.10678491482929307,0.163393463407244,0.1880974812167032,0.29097706930977957,0.3653930675010292,0.4839891365596226,0.29488239695831225,0.4543705327170236,0.2573880166176479,0.030234794531549727,1.0000000110998446
random,0.3,77,0,2653,792,1861,23,558,0.4185243173309841,0.09337126690408458,0.11435975939590737,0.10963251575920152,0.17178543394608317,0.18084944257084629,0.29533048657685546,0.6161467747658677,0.2861451937650937,0.2904819701769337,0.28641580848457965,0.052299025636282026,0.99999999724983,0.3387111042227064,0.19972198350088938,0.1155962033235297,0.19833595412118094,0.16427644752726264,0.22432822840554373,0.38141624355802733,0.37761385100228445,0.279872647353581,0.42266416549682617,0.2522684025426148,0.10614335536956787,0.999999998631526
random,0.3,77,1,3000,792,2208,27,662,0.38932312679218695,0.09671863172420118,0.12404061679306665,0.16651466409996074,0.1646576810766149,0.18283603809497975,0.32197858200592255,0.5539306559890667,0.2886982966082076,0.34935070219494047,0.2733372035503207,0.057648552788628474,1.0000000066677912,0.3481839001178742,0.07521795375006539,0.08562886859385332,0.06119443689073835,0.12901140392130736,0.07885533571243286,0.43717583344907185,0.7847322736467633,0.21464027129873936,0.14004976408822195,0.26399605974973156,0.05308199780327933,1.0000000060821068
random,0.3,78,0,1677,792,885,18,265,0.47918224821285327,0.1090073509821816,0.11465290519926283,0.1392174069843595,0.14000729422450336,0.20721947200714597,0.26615754749769527,0.5445557851640005,0.2546602041542935,0.34643687899150544,0.3038079891260925,0.03815552166530064,0.9999999951343147,0.41998625592309596,0.1869133370263236,0.07521154647883103,0.051123661654336114,0.13732948458316377,0.2290940965924944,0.36747271552377814,0.5328688962118966,0.2125410318982844,0.2802177667617798,0.26827343965272366,0.10586701120649065,1.000000002508869
random,0.3,78,1,2582,792,1790,18,537,0.4510291168749197,0.17656078035869296,0.1325640621639433,0.18523382762121776,0.14906027581956646,0.14317233978755892,0.2673465431142016,0.4950330825079055,0.281624337713194,0.32840616740877665,0.3049690395661222,0.0956931265573653,0.9999999979726311,0.3684055265419337,0.03238333548818316,0.11949394354406669,0.22682758740016393,0.1491542606025326,0.016915461846760342,0.36294625669109576,0.7238735471452985,0.26864820293017794,0.24374306201934814,0.2773965395682929,0.03173858353069851,0.9999999873796288
random,0.3,79,0,2055,792,1263,23,378,0.4345840686385148,0.08735410915398449,0.10444257803056337,0.10473687308175224,0.16857339094038443,0.20517882353030376,0.2923999706410473,0.6027302238511743,0.2730159712980147,0.309915696612056,0.2933236692156957,0.015833502230436905,1.00000000825051,0.36882384030186405,0.19455022471291677,0.09988350101879669,0.1953256470816476,0.19260866103731855,0.4573307718549456,0.3386840053967068,0.15279333932059153,0.2924921609917465,0.6526564189365932,0.29256392300737144,0.11209258011409215,1.000000007754686
random,0.3,79,1,2361,792,1569,29,470,0.4300609121517259,0.14153316103178878,0.09406389341146319,0.08802234480533694,0.15326265647829124,0.2163596881434248,0.3226125450053742,0.5540848154152556,0.24732654754080294,0.3043820235529557,0.3010054267182642,0.05418731896160858,1.0000000070468547,0.36196282597220675,0.18360492161342076,0.08560499516600857,0.06384614961487907,0.191291625706517,0.4830648558480399,0.36114056043478904,0.26948407718113493,0.2768966227161641,0.5469110352652413,0.27900905146890753,0.14481210708618164,1.0000000072795214
random,0.3,79,2,2169,792,1377,29,413,0.42091825593952376,0.10948134173313386,0.10507870324475091,0.12021418040609125,0.16280811156797043,0.18606646307583513,0.31119493394565784,0.5842380617639701,0.26788680910812473,0.30628063408612033,0.29135554494109484,0.030890450689005734,1.000000004697903,0.3740647635897812,0.22074042047773088,0.0994150424566196,0.18425491877964564,0.19159948552141384,0.414797169821603,0.33492071318383115,0.180207473891122,0.2910145293084943,0.5990520886012486,0.298649831380391,0.15156326975141252,1.0000000047516457
