row_id,is_warmup,example_id,sub_q_idx,main_question,sub_question,doc_tokens,query_tokens,full_tokens,fusion_selected_doc_tokens,fusion_reprocess_prefill_tokens,full_exact_cache_ttft_s,full_ttft_compute_s,full_ttft_wall_s,fusion_ttft_compute_s,fusion_ttft_wall_s,fusion_storage_time_s,fusion_selection_time_s,fusion_selection_score_forward_time_s,fusion_reprocess_prefill_time_s,speedup_full_over_fusion_compute,ttft_reduction_pct_compute,speedup_full_exact_over_fusion_compute,ttft_reduction_pct_full_exact_vs_fusion_compute,speedup_full_over_fusion_wall,ttft_reduction_pct_wall
0,True,0,0,What is the network which National Cycle Route 57 is part of an example of?,What network is National Cycle Route 57 part of?,1313,27,2132,0,27,0.42306376388296485,0.27803850173950195,0.27940504578873515,0.508198126219213,0.5764540489763021,0.023866151925176382,0.0,0.0,0.4843319742940366,0.5471065070782435,-82.77976720481351,0.8324780081941405,-20.123293367143468,0.48469612848572674,-106.3148313406526
1,True,1,0,What district is the headquarter of Julia's House located?,Where is the headquarters of Julia's House located?,1295,25,2112,0,25,0.2728742123581469,0.1070566177368164,0.27392796659842134,0.09587637288495898,0.15701561095193028,0.022975768893957138,0.0,0.0,0.07290060399100184,1.1166110535415485,10.443301019786066,2.84610487596945,64.86426032844707,1.744590648902314,42.67996331235674
2,True,2,0,What body of water includes the terrain feature where Coffee Swamp is located?,Where is Coffee Swamp located?,1441,21,2254,0,21,0.29128499468788505,0.1141960620880127,0.2922824937850237,0.09749007783830166,0.16296485997736454,0.02381322393193841,0.0,0.0,0.07367685390636325,1.1713608668711888,14.62921220246235,2.9878424671176713,66.53103331231898,1.7935307883283615,44.24405722457445
3,True,3,0,Who is the spouse of the child of Peter Andreas Heiberg?,Who is the child of Peter Andreas Heiberg?,1154,26,1972,0,26,0.2564290720038116,0.09433937072753906,0.2578371218405664,0.09420521929860115,0.14786388678476214,0.02137205097824335,0.0,0.0,0.0728331683203578,1.0014240339329044,0.14220089439154204,2.7220261670535626,63.262660289469494,1.7437464106153697,42.65221170278429
4,True,3,1,Who is the spouse of the child of Peter Andreas Heiberg?,Who is the spouse of Johan Ludvig Heiberg?,1353,27,2172,0,27,0.2771079516969621,0.10881900787353516,0.27892242511734366,0.1037403978407383,0.1692357799038291,0.024764423724263906,0.0,0.0,0.07897597411647439,1.048954988977327,4.667024752421012,2.671167235375141,62.56318261332824,1.6481291679327252,39.32514395978344
5,True,4,0,"When was the sibling of Alice de Lusignan, Countess of Surrey crowned?","Who were the siblings of Alice de Lusignan, Countess of Surrey?",1178,32,2002,0,32,0.25709088426083326,0.09458279609680176,0.25840252405032516,0.09619152173399925,0.14415935287252069,0.021684512961655855,0.0,0.0,0.0745070087723434,0.9832758063476099,-1.7008649602101356,2.6726979636705708,62.584623717577045,1.792478385213265,44.211321695741276
6,True,4,1,"When was the sibling of Alice de Lusignan, Countess of Surrey crowned?",When was King Henry III of England crowned?,2075,24,2891,0,24,0.3863099319860339,0.1522374153137207,0.3881800100207329,0.10506574623286724,0.1872301520779729,0.029425212182104588,0.0,0.0,0.07564053405076265,1.4489728648222076,30.985595087544826,3.676839939154083,72.80273233133813,2.0732772243814312,51.76718346007234
7,True,6,0,Which university employed the person that Mach bands are named after?,Which university employed Ernst Mach?,1490,21,2303,0,21,0.29091425286605954,0.10501480102539062,0.29261530563235283,0.09723915858194232,0.1514837141148746,0.024115257896482944,0.0,0.0,0.07312390068545938,1.0799641066093333,7.404330025410699,2.9917397179132257,66.57463234477122,1.931661811582293,48.23110370542221
8,False,7,0,Who is the employer of the physicist who Mach number is named after?,Who is the physicist that the Mach number is named after?,1587,27,2406,0,27,0.3194989920593798,0.11740541458129883,0.32052535796537995,0.0969376191496849,0.15183863788843155,0.023615539073944092,0.0,0.0,0.07332208007574081,1.2111439873513796,17.433433972877587,3.2959236554595983,69.6594914040703,2.1109604407864655,52.6281980145759
9,False,7,1,Who is the employer of the physicist who Mach number is named after?,Who was Ernst Mach's employer or academic institution during his career?,1466,28,2286,0,28,0.29157070023939013,0.11449050903320312,0.29292104579508305,0.10303701274096966,0.1650097188539803,0.0259779947809875,0.0,0.0,0.07705901795998216,1.1111590484579268,10.003882757575887,2.829766629321694,64.66139682198092,1.7751745038381255,43.66750999195356
10,False,9,0,When did a storm disperse the fleet led by the English king who trusted William de Longchamp?,Which English king trusted William de Longchamp?,1998,25,2815,0,25,0.3613865817897022,0.12914228439331055,0.36262929113581777,0.09963026130571961,0.16573152597993612,0.0258748191408813,0.0,0.0,0.07375544216483831,1.2962154540278887,22.85233161720316,3.6272772654963976,72.43111218675618,2.1880525687051153,54.29725892775063
11,False,9,1,When did a storm disperse the fleet led by the English king who trusted William de Longchamp?,What specific naval expedition or fleet did King Richard I lead that was dispersed by a storm?,2722,33,3547,0,33,0.4849826227873564,0.19052505493164062,0.48647901229560375,0.10834871651604772,0.2089297529309988,0.0330194472335279,0.0,0.0,0.07532926928251982,1.7584431182756246,43.13151277929159,4.476127068062913,77.65925799705326,2.3284333871598863,57.052668737938305
12,False,10,0,The Unwinding author volunteered for which organisation?,Who is the author of The Unwinding?,1505,25,2322,0,25,0.3180324356071651,0.11655592918395996,0.31887673027813435,0.09720666939392686,0.1508474457077682,0.023852195125073195,0.0,0.0,0.07335447426885366,1.1990528007046601,16.60083697629333,3.27171414873139,69.43498256448379,2.113902086853255,52.694119267908235
13,False,10,1,The Unwinding author volunteered for which organisation?,Which organization did George Packer volunteer for?,1738,24,2554,0,24,0.336085245013237,0.12370800971984863,0.33703427389264107,0.09953912999480963,0.15797273302450776,0.02619968494400382,0.0,0.0,0.07333944505080581,1.2428078256892467,19.537037076073148,3.376413326405021,70.38277298044156,2.133496505630208,53.12858505457862
14,False,11,0,Who is the lead singer of the band performing Bang Bang Rock & Roll?,Which band performed the song 'Bang Bang Rock & Roll'?,1230,27,2049,0,27,0.27191531378775835,0.1064310073852539,0.2725376980379224,0.09519524313509464,0.14366440009325743,0.02272930508479476,0.0,0.0,0.07246593805029988,1.118028631264844,10.556852299150544,2.856396021825109,64.9908488753235,1.8970440684053178,47.28641170467831
15,False,11,1,Who is the lead singer of the band performing Bang Bang Rock & Roll?,Who is the lead singer of the band Art Brut?,1205,26,2023,0,26,0.2566415797919035,0.09170937538146973,0.25781338196247816,0.09677462698891759,0.1521696113049984,0.024174090940505266,0.0,0.0,0.07260053604841232,0.9476593011510349,-5.5231557148641475,2.6519511133976628,62.29191424577935,1.6942501183481016,40.97683753004529
16,False,12,0,What company did the company that initiated a successful price war among PC manufacturers in 1994 merge with in 2002?,Which company initiated a successful price war among PC manufacturers in 1994?,2011,32,2835,0,32,0.3850758601911366,0.15112996101379395,0.38649405958130956,0.10027932096272707,0.1648519178852439,0.02640301827341318,0.0,0.0,0.07387630268931389,1.507089991863503,33.64696166792872,3.8400325859233315,73.95855431889386,2.344492345247414,57.346843037166316
17,False,12,1,What company did the company that initiated a successful price war among PC manufacturers in 1994 merge with in 2002?,Which company did Compaq merge with in 2002?,2101,30,2923,0,30,0.38668253691866994,0.1516432762145996,0.3879116913303733,0.10341486986726522,0.16906495904549956,0.029412238858640194,0.0,0.0,0.07400263100862503,1.4663585266725798,31.803854118189477,3.739138650128204,73.25587271374083,2.2944535255586382,56.41663738835039
18,False,13,0,What year was the father of Katherine of England crowned?,Who is Katherine of England?,1142,21,1955,0,21,0.2577263251878321,0.09387946128845215,0.2569798417389393,0.09355851169675589,0.13973327167332172,0.02079649083316326,0.0,0.0,0.07276202086359262,1.0034304691884852,0.3418741301786099,2.754707407308711,63.698503973713194,1.8390741064141463,45.62481215344744
19,False,13,1,What year was the father of Katherine of England crowned?,What year was King Henry III of England crowned?,2083,25,2900,0,25,0.3862496572546661,0.15161705017089844,0.3877434330061078,0.10357746202498674,0.17714759288355708,0.029650853015482426,0.0,0.0,0.07392660900950432,1.4638034878120758,31.6848191491411,3.7290898010369116,73.18380480615029,2.1888157027399173,54.31319326025397
20,False,14,0,Who is the sibling of the actress that played the little girl in Miracle on 34th street 1947?,Who played the little girl in the 1947 film Miracle on 34th Street?,1057,36,1885,0,36,0.24064613413065672,0.08827638626098633,0.24176996061578393,0.09373288555070758,0.13931558839976788,0.020637417677789927,0.0,0.0,0.07309546787291765,0.9417867138340749,-6.18115389724867,2.567360779696386,61.0494945662347,1.7354121200136048,42.376799812129896
21,False,14,1,Who is the sibling of the actress that played the little girl in Miracle on 34th street 1947?,Who is the sibling of actress Natalie Wood?,1681,24,2497,0,24,0.33491439279168844,0.12342262268066406,0.33606957411393523,0.10051675420254469,0.1591250509954989,0.02700947504490614,0.0,0.0,0.07350727915763855,1.2278810996220915,18.558889756689567,3.3319260599762752,69.98732919039865,2.1119840780031645,52.65115819691791
22,False,15,0,What is the capital of the county that Pine Springs is located in?,In which county is Pine Springs located?,678,23,1493,0,23,0.18557028099894524,0.07274794578552246,0.18637884221971035,0.09123985935002565,0.12903935089707375,0.019319428130984306,0.0,0.0,0.07192043121904135,0.7973263692399807,-25.419155640520174,2.033872940192044,50.83272016463442,1.4443566317097531,30.765021737307862
23,False,15,1,What is the capital of the county that Pine Springs is located in?,"What is the county seat of Culberson County, Texas?",1121,28,1941,0,28,0.2559896372258663,0.09384655952453613,0.25699018593877554,0.0957038882188499,0.14329690299928188,0.022914658300578594,0.0,0.0,0.0727892299182713,0.9805929651461335,-1.979112184531573,2.674809163871008,62.614155300978894,1.793410608044079,44.24032089948351
24,False,16,0,"In 2002, what company merged with the top PC manufacturer from 1994?",Who was the top PC manufacturer in 1994?,1515,28,2335,0,28,0.3167179962620139,0.11323881149291992,0.31789541337639093,0.0965052917599678,0.15796191291883588,0.02329733083024621,0.0,0.0,0.0732079609297216,1.1733948411302921,14.777194773011503,3.2818718070898,69.52958376254342,2.012481410881193,50.310100029091146
25,False,16,1,"In 2002, what company merged with the top PC manufacturer from 1994?",What company did Compaq merge with in 2002?,2189,30,3011,0,30,0.4015839579515159,0.1576097011566162,0.4032942149788141,0.10419711703434587,0.17561130365356803,0.03017518389970064,0.0,0.0,0.07402193313464522,1.512610959328791,33.889147514590135,3.854079358252726,74.05346628738447,2.296516263978091,56.45578410719499
26,False,17,0,"In the King's Speech, who played the person who was the King of England in 1950?",Who was the King of England in 1950?,1415,28,2235,0,28,0.2907230448909104,0.1140890121459961,0.29183713672682643,0.09583502588793635,0.14714128617197275,0.02278943406417966,0.0,0.0,0.0730455918237567,1.1904730143173836,15.99977588963667,3.0335781954174483,67.03562804114924,1.9833803572013027,49.581027342073995
27,False,17,1,"In the King's Speech, who played the person who was the King of England in 1950?",Which actor played King George VI in the film 'The King's Speech'?,1936,30,2758,0,30,0.36115915421396494,0.13320016860961914,0.3623130558989942,0.10317319724708796,0.16647338354960084,0.029759753961116076,0.0,0.0,0.07341344328597188,1.2910346113498843,22.54274275773159,3.500513348917842,71.43276141743202,2.176402306324499,54.05261255724376
28,False,18,0,Whose sister played Susie in miracle on 34th street?,Who played Susie in Miracle on 34th Street?,1020,28,1840,0,28,0.242583766579628,0.08788299560546875,0.24046988505870104,0.09304399881511927,0.13750304467976093,0.02027428289875388,0.0,0.0,0.07276971591636539,0.9445315842464428,-5.872584535943326,2.60719411965137,61.64458977324947,1.7488331667036592,42.81901675704836
29,False,18,1,Whose sister played Susie in miracle on 34th street?,Who is Natalie Wood's brother?,1206,22,2020,0,22,0.2574977152980864,0.09461402893066406,0.2585427179001272,0.09774826094508171,0.14851733995601535,0.024927258025854826,0.0,0.0,0.07282100291922688,0.9679356749254233,-3.312650406965023,2.6342945931565716,62.03917350026751,1.7408251317771835,42.5559763731631
30,False,19,0,What team was Anna Benson's husband on?,Who is Anna Benson's husband?,1034,22,1848,0,22,0.23993363790214062,0.08815598487854004,0.24079915275797248,0.09320991905406117,0.1436179387383163,0.020555899012833834,0.0,0.0,0.07265402004122734,0.9457790090710209,-5.7329450547054295,2.5741212988606996,61.15179185834803,1.6766648712089396,40.35778901486964
31,False,19,1,What team was Anna Benson's husband on?,What team did Kris Benson play for in Major League Baseball?,1580,27,2399,0,27,0.31807057093828917,0.11346197128295898,0.3191459900699556,0.09880179818719625,0.15640116017311811,0.025372456293553114,0.0,0.0,0.07342934189364314,1.1483796182331278,12.920781236210166,3.219279170766226,68.93714564798093,2.0405602472302484,50.99385076439922
32,False,20,0,What is the record label for the singer who originally sang You Belong To Me.,Who originally sang the song You Belong To Me?,1519,26,2337,0,26,0.31807774119079113,0.11666131019592285,0.31881527323275805,0.09668570337817073,0.15030509792268276,0.023649967275559902,0.0,0.0,0.07303573610261083,1.206603521718415,17.122734850315645,3.289811524116246,69.6031218606472,2.121120824502954,52.855113747028916
33,False,20,1,What is the record label for the singer who originally sang You Belong To Me.,What record label was Joni James signed to when she released 'You Belong To Me' in 1952?,2265,41,3098,0,41,0.43194698076695204,0.1593027114868164,0.4331997758708894,0.10629978077486157,0.1775976880453527,0.03191005298867822,0.0,0.0,0.07438972778618336,1.4986174978499043,33.271832109613065,4.063479506903193,75.3905489543835,2.4392196803838133,59.0032825644204
34,False,21,0,When did the crowning of the person under whom the Chapter House was built happen?,Who was the person under whom the Chapter House was built?,1749,27,2568,0,27,0.34443312231451273,0.12691640853881836,0.3454489461146295,0.10071100248023868,0.15734246000647545,0.024676093365997076,0.0,0.0,0.0760349091142416,1.260204003666051,20.64776836996972,3.4200148328589695,70.76036073317123,2.195522722222676,54.45276016147843
35,False,21,1,When did the crowning of the person under whom the Chapter House was built happen?,When was Henry III crowned?,2118,21,2931,0,21,0.3866274622268975,0.1518707275390625,0.3878912888467312,0.10852675884962082,0.17858316702768207,0.03473288007080555,0.0,0.0,0.07379387877881527,1.399385083908208,28.540041515435043,3.5625081438451924,71.92988872944301,2.172048437166558,53.96051106003408
36,False,24,0,What record label does the artist who sang you belong to me belong to?,Who sang the song 'You Belong to Me'?,1556,26,2374,0,26,0.31901818281039596,0.11762881278991699,0.3204736700281501,0.09671275736764073,0.15267551876604557,0.02340467507019639,0.0,0.0,0.07330808229744434,1.2162698695764267,17.781404849874637,3.2986153170847006,69.68424918114444,2.0990508014531937,52.35941887124933
37,False,24,1,What record label does the artist who sang you belong to me belong to?,What record label is Joni James signed to?,1997,25,2814,0,25,0.3622470418922603,0.13344955444335938,0.3635976337827742,0.10143187316134572,0.1648534219712019,0.02770112408325076,0.0,0.0,0.07373074907809496,1.3156570048852765,23.99234783178169,3.571333453696955,71.99925425712279,2.2055813548492234,54.66047997724566
38,False,25,0,What place does the administrative territorial entity that Juba is located in share a border with?,What is the administrative territorial entity that contains Juba?,789,26,1607,0,26,0.2119805091060698,0.0759122371673584,0.21309125190600753,0.09505259338766336,0.13593811308965087,0.019809292163699865,0.0,0.0,0.0752433012239635,0.7986340452359594,-25.213795475566812,2.230139142459023,55.15974851249113,1.5675607602812196,36.206619523915585
39,False,25,1,What place does the administrative territorial entity that Juba is located in share a border with?,What places share a border with Central Equatoria?,1127,25,1944,0,25,0.25601627118885517,0.09406781196594238,0.257092431653291,0.09578769793733954,0.14357107924297452,0.023455664049834013,0.0,0.0,0.07233203388750553,0.9820448135989003,-1.8283469504104755,2.6727468840135473,62.58530854600255,1.7906979108111114,44.155851527908375
40,False,26,0,Who played the monarch at the end of WW2 in The King's Speech?,Who played King George VI in The King's Speech?,1534,26,2352,0,26,0.3183294520713389,0.11684632301330566,0.3190740770660341,0.09737166902050376,0.15133699169382453,0.0242265360429883,0.0,0.0,0.07314513297751546,1.2000032883148084,16.666895021235938,3.2692204547126287,69.41166819880607,2.108368043363546,52.569950813489456
41,False,27,0,Who is the spouse of a cast member from King of the Mountain?,Who are the cast members of King of the Mountain?,1337,26,2155,0,26,0.27661939803510904,0.10834836959838867,0.2773605170659721,0.09507608972489834,0.14565700385719538,0.022124615963548422,0.0,0.0,0.07295147376134992,1.1395964002294745,12.249635063901987,2.9094528270515156,65.62927603767285,1.9042030916542887,47.48459319372055
42,False,27,1,Who is the spouse of a cast member from King of the Mountain?,Who is Harry Hamlin's spouse?,1444,23,2259,0,23,0.29120149090886116,0.11422586441040039,0.2921277307905257,0.09786969795823097,0.15069690998643637,0.02482494292780757,0.0,0.0,0.0730447550304234,1.1671218650245547,14.319144386952143,2.975399914211861,66.39107250008492,1.9385117506179719,48.4140346489407
43,False,32,0,Who played king whose regal Name did Albert Adopt in the king's speech?,What was the regnal name adopted by King George VI?,1439,27,2258,0,27,0.2910472829826176,0.11427593231201172,0.29222284629940987,0.09622592711821198,0.1484446758404374,0.02310483017936349,0.0,0.0,0.0731210969388485,1.1875794365860004,15.795106483591969,3.024624357477697,66.9380431481441,1.9685640097561938,49.201550214064426
44,False,32,1,Who played king whose regal Name did Albert Adopt in the king's speech?,Who played King George VI in the film 'The King's Speech'?,1722,29,2543,0,29,0.3350174892693758,0.11959028244018555,0.33605419332161546,0.10051116300746799,0.165300611872226,0.026875371113419533,0.0,0.0,0.07363579189404845,1.189820900105394,15.953737246385547,3.3331371287036444,69.99823405438678,2.0329881995922587,50.81132294813307
45,False,33,0,What administrative territorial entity contains the place where KPRM is licensed to broadcast to?,Where is KPRM licensed to broadcast?,775,24,1591,0,24,0.2100131348706782,0.07538676261901855,0.2115011289715767,0.093803436961025,0.13405497604981065,0.02012185100466013,0.0,0.0,0.07368158595636487,0.8036673821487105,-24.429586444875785,2.2388639656981644,55.3344903790007,1.577719344733533,36.617370932414225
46,False,35,0,What year did the author of Prince Prigio die?,Who is the author of Prince Prigio?,1174,25,1991,0,25,0.2563759172335267,0.09167861938476562,0.2577525400556624,0.09429926099255681,0.1446841568686068,0.021464738063514233,0.0,0.0,0.07283452292904258,0.9722093091694745,-2.858509023562661,2.7187478940451384,63.21836231339082,1.781484204174043,43.86702965667696
47,False,35,1,What year did the author of Prince Prigio die?,What year did Andrew Lang die?,1215,22,2029,0,22,0.2538180756382644,0.0933084487915039,0.25510366493836045,0.09644518326967955,0.14548620441928506,0.023531978949904442,0.0,0.0,0.0729132043197751,0.9674765045610965,-3.3616832331921254,2.6317340797470368,62.00223997949974,1.7534560473044065,42.969770953922506
48,False,36,0,In which county is Mark Dismore's birthplace located?,Where was Mark Dismore born?,1463,23,2278,0,23,0.29155196994543076,0.11450314521789551,0.2927691419608891,0.09621646022424102,0.14860328286886215,0.023108458146452904,0.0,0.0,0.07310800207778811,1.1900577609177863,15.970465229453357,3.0301672839131992,66.99852165559037,1.9701391268673984,49.242163339497715
49,False,36,1,In which county is Mark Dismore's birthplace located?,"Which county is Greenfield, Indiana located in?",1820,25,2637,0,25,0.3479941817931831,0.12847614288330078,0.34942461596801877,0.10058559011667967,0.1605035699903965,0.02678126096725464,0.0,0.0,0.07380432914942503,1.2772817928916853,21.708740736367716,3.459682260545556,71.09561154201745,2.1770519869989564,54.06632427834259
50,False,37,0,Who was the sibling of Nannina de' Medici?,Who were the parents of Nannina de' Medici?,1072,28,1892,0,28,0.24068584013730288,0.08827424049377441,0.24147832300513983,0.09351083915680647,0.1380847659893334,0.02076382003724575,0.0,0.0,0.07274701911956072,0.9440000890778992,-5.932193393837659,2.5738817265205114,61.14817593612412,1.748768745596406,42.81691032515814
51,False,37,1,Who was the sibling of Nannina de' Medici?,"Based on Nannina de' Medici's parents Piero di Cosimo de' Medici and Lucrezia Tornabuoni, who were her siblings?",1291,50,2133,0,50,0.2759311622940004,0.10849905014038086,0.2772344923578203,0.0965941995382309,0.14685156103223562,0.023838672786951065,0.0,0.0,0.07275552675127983,1.1232460195235445,10.972308593252144,2.856601779538428,64.99337054387816,1.8878552628866103,47.02983752732411
52,False,38,0,What county is the NRHEG High School located in?,Where is NRHEG High School located?,809,24,1625,0,24,0.21275437902659178,0.0780634880065918,0.2137314951978624,0.09134044731035829,0.13143942691385746,0.019085178151726723,0.0,0.0,0.07225526915863156,0.8546431543229278,-17.007899138000802,2.329246082008893,57.06765344700999,1.6260835901082964,38.502546481426556
53,False,38,1,What county is the NRHEG High School located in?,"Which county is New Richland, Minnesota located in?",992,26,1810,0,26,0.23910446790978312,0.08796000480651855,0.24055990995839238,0.0958318212069571,0.1471739741973579,0.021968176122754812,0.0,0.0,0.07386364508420229,0.9178580110312348,-8.949313290459472,2.4950425119586987,59.92052258801138,1.6345275125601044,38.82024057008778
54,False,39,0,Who founded the political party of Dimuthu Bandara Abayakoon?,What is the name of the political party of Dimuthu Bandara Abayakoon?,965,34,1791,0,34,0.22962977876886725,0.08198285102844238,0.2304824977181852,0.09305461682379246,0.13640602305531502,0.0202049408107996,0.0,0.0,0.07284967601299286,0.8810186299910784,-13.504977756273618,2.467688187934754,59.476241573417134,1.6896797704066229,40.817188113736535
55,False,39,1,Who founded the political party of Dimuthu Bandara Abayakoon?,Who founded the Janatha Vimukthi Peramuna political party?,1355,30,2177,0,30,0.2896876009181142,0.11351251602172852,0.2906376617029309,0.097090317402035,0.14913694886490703,0.024074620101600885,0.0,0.0,0.07301569730043411,1.1691435259366998,14.467302104862156,2.983691975365222,66.48447600300315,1.948797155332712,48.686296197447334
56,False,40,0,When did military instruction start at the place where Larry Alcala was educated?,Where did Larry Alcala study?,1089,22,1903,0,22,0.24081890704110265,0.08603072166442871,0.24154855497181416,0.09332095040008426,0.1388015141710639,0.02071603713557124,0.0,0.0,0.07260491326451302,0.9218800418941193,-8.473983008176766,2.580544947395705,61.24849516730164,1.7402443800009355,42.5368062387041
57,False,40,1,When did military instruction start at the place where Larry Alcala was educated?,When did military instruction begin at the University of the Philippines?,1515,27,2334,0,27,0.31787567399442196,0.11661791801452637,0.3190809772349894,0.09845994971692562,0.15483476500958204,0.025190972723066807,0.0,0.0,0.07326897699385881,1.1844198412634301,15.570478882446626,3.2284769077002484,69.02564185561006,2.0607838117960324,51.474774099255406
58,False,43,0,What county shares a border with Cedar Springs?,Where is Cedar Springs located?,838,21,1651,0,21,0.2132239551283419,0.0781857967376709,0.21419003093615174,0.09194611944258213,0.13241619616746902,0.019513734616339207,0.0,0.0,0.07243238482624292,0.8503436274599475,-17.599517148977696,2.3190098333784985,56.87814749180564,1.6175516072464575,38.17817029638453
59,False,43,1,What county shares a border with Cedar Springs?,"Which counties share a border with Falls County, Texas?",991,26,1809,0,26,0.23915335815399885,0.08796572685241699,0.24042734690010548,0.09632996888831258,0.1430538259446621,0.023813381791114807,0.0,0.0,0.07251658709719777,0.9131709255964434,-9.508523757131627,2.4826475178381853,59.72041972068713,1.6806775024186396,40.50018527879894
60,False,44,0,Bancroft's county borders what county?,Where is Bancroft located?,998,22,1812,0,22,0.23933024518191814,0.08789610862731934,0.24057834781706333,0.0937366122379899,0.13727578287944198,0.020850542932748795,0.0,0.0,0.07288606930524111,0.937692397119687,-6.644780641466608,2.5532205556381475,60.83377921301194,1.7525184906673852,42.93926110764258
61,False,44,1,Bancroft's county borders what county?,"Which county is Bancroft, Ontario located in?",1107,26,1925,0,26,0.2555234171450138,0.09425616264343262,0.2572080288082361,0.09697965625673532,0.14297723211348057,0.020869726315140724,0.0,0.0,0.0761099299415946,0.9719168563962243,-2.8894594654840455,2.6348146302824977,62.0466658827994,1.7989439647572065,44.411831630622004
62,False,44,2,Bancroft's county borders what county?,Which counties border Hastings County in Ontario?,1603,23,2418,0,23,0.3196956180036068,0.11734437942504883,0.3205579109489918,0.09902983997017145,0.1546298498287797,0.025888301897794008,0.0,0.0,0.07314153807237744,1.1849396046726306,15.607513154539621,3.2282756197515976,69.02371055675395,2.073066172565923,51.762273041084015
63,False,45,0,Who is the father of Empress Wang's husband?,Who is Empress Wang's husband?,1538,23,2353,0,23,0.3182838917709887,0.11684083938598633,0.31908637983724475,0.09644259372726083,0.1506227538920939,0.02338464092463255,0.0,0.0,0.07305795280262828,1.2115066058510582,17.45814713923737,3.3002419311854463,69.69919112442766,2.118447389866727,52.79561792361005
64,False,45,1,Who is the father of Empress Wang's husband?,Who was the father of Yang Pu (Emperor Rui of Wu)?,1820,30,2642,0,30,0.34855878073722124,0.12846112251281738,0.349658431019634,0.10148024372756481,0.17089229123666883,0.027912494726479053,0.0,0.0,0.07356774900108576,1.2658732162457729,21.003147300507607,3.434745206889399,70.88575892051021,2.0460749194086927,51.125934318720056
65,False,46,0,Who played the king that was king of england in 1951 in the king's speech?,Who was the king of England in 1951?,1520,28,2340,0,28,0.3179949610494077,0.11703157424926758,0.3194989310577512,0.09679208835586905,0.15019289311021566,0.023589990101754665,0.0,0.0,0.07320209825411439,1.2091026884241338,17.2940388294616,3.285340428654217,69.56175404904286,2.127257318515691,52.99111248573553
66,False,46,1,Who played the king that was king of england in 1951 in the king's speech?,Which actor played King George VI in the film 'The King's Speech'?,1936,30,2758,0,30,0.3613814921118319,0.13322734832763672,0.36282508121803403,0.10545302974060178,0.16950213303789496,0.03193383291363716,0.0,0.0,0.07351919682696462,1.2633809446286701,20.847310207459437,3.4269427156410277,70.81947137791754,2.1405340140287117,53.28268584165621
67,False,50,0,When was John's eldest son crowned?,Who is John's eldest son?,1672,22,2486,0,22,0.3276013950817287,0.12067651748657227,0.3289230288937688,0.09767774725332856,0.15378372464329004,0.024123771116137505,0.0,0.0,0.07355397613719106,1.2354555759112265,19.058198489861777,3.3538999853476352,70.18396480608385,2.138867618512454,53.246288300185554
68,False,50,1,When was John's eldest son crowned?,When was John's eldest son crowned?,1921,23,2736,0,23,0.36104853823781013,0.1329646110534668,0.3617617697454989,0.09896084014326334,0.15854180604219437,0.025502024218440056,0.0,0.0,0.07345881592482328,1.3436083491305952,25.57354971431466,3.6483980705411194,72.5907102058169,2.281806791384851,56.17508003852113
69,False,50,2,When was John's eldest son crowned?,When was John's eldest son crowned?,1921,23,2736,0,23,0.36052083503454924,0.13297224044799805,0.36175143206492066,0.1015580459497869,0.16187250101938844,0.025405197869986296,0.0,0.0,0.0761528480798006,1.3093225574046905,23.62462600643058,3.5498992882631937,71.83018675188234,2.234792381576853,55.253113969611476
70,False,50,3,When was John's eldest son crowned?,When was John's eldest son crowned?,2829,23,3644,0,23,0.5124145247973502,0.20110607147216797,0.513409725856036,0.10863719321787357,0.1930540599860251,0.03420036192983389,0.0,0.0,0.07443683128803968,1.8511714590126296,45.98015245257854,4.716750402136172,78.7989629566341,2.6594091100347796,62.39766208866894
71,False,51,0,What character in A League of their Own was played by the actress who played Thelma in the movie Thelma and Louise?,Who played Thelma in Thelma and Louise?,1068,27,1887,0,27,0.2397373467683792,0.08589458465576172,0.24103665491566062,0.09339292906224728,0.13779298914596438,0.020675317849963903,0.0,0.0,0.07271761121228337,0.9197118616818641,-8.729705646213382,2.5669753500138324,61.04364617312701,1.7492664642054467,42.8331806238439
72,False,51,1,What character in A League of their Own was played by the actress who played Thelma in the movie Thelma and Louise?,What character did Geena Davis play in the movie A League of Their Own?,1533,31,2356,0,31,0.31849341886118054,0.11672639846801758,0.31918563693761826,0.1004117694683373,0.1566571448929608,0.027207026723772287,0.0,0.0,0.07320474274456501,1.16247725825432,13.976811769918873,3.1718733824485645,68.47289032615677,2.0374789618163183,50.91973862107777
73,False,52,0,"In A League of Their Own, who played the husband of the actress who played Thelma in Thelma and Louise?",Who played Thelma in Thelma and Louise?,1068,27,1887,0,27,0.23972838697955012,0.0857706069946289,0.2408838071860373,0.09335609804838896,0.13838853500783443,0.02052421309053898,0.0,0.0,0.07283188495784998,0.9187466998692653,-8.843928380074395,2.5678921033663222,61.05755383222403,1.7406341296437629,42.54967296288397
74,False,52,1,"In A League of Their Own, who played the husband of the actress who played Thelma in Thelma and Louise?",Which character did Geena Davis play in the film A League of Their Own?,1338,31,2161,0,31,0.27677215402945876,0.10838508605957031,0.27753106877207756,0.0977761154063046,0.1499173571355641,0.024762030225247145,0.0,0.0,0.07301408518105745,1.108502680937779,9.788219983914425,2.8306724283261158,64.6727049730958,1.851227063195342,45.98177501392331
75,False,52,2,"In A League of Their Own, who played the husband of the actress who played Thelma in Thelma and Louise?",Who played the husband of Dottie Hinson in the film A League of Their Own?,1728,33,2553,0,33,0.3357413769699633,0.12374353408813477,0.3370962799526751,0.10186270577833056,0.1658981037326157,0.028285186737775803,0.0,0.0,0.07357751904055476,1.2148070595868556,17.682401323870266,3.2960186400368148,69.66036575603741,2.0319477581008765,50.78613630624873
76,False,53,0,Who is the child of Chiang Hsiao-wen's father?,Who is Chiang Hsiao-wen's father?,1415,27,2234,0,27,0.2907339879311621,0.11401867866516113,0.29177718283608556,0.0971999024040997,0.15002463897690177,0.02389265364035964,0.0,0.0,0.07330724876374006,1.173032851320559,14.750895605844693,2.9910934140907073,66.56740992143169,1.944861756214647,48.58246367359625
77,False,54,0,"The actor who played Thelma in ""Thelma and Louise"" also played which character in ""A League of Their Own""?",Who played Thelma in the movie 'Thelma and Louise'?,977,30,1799,0,30,0.2383324708789587,0.08504915237426758,0.23938266932964325,0.09296095604076982,0.13567344518378377,0.020240657031536102,0.0,0.0,0.07272029900923371,0.9148911112420964,-9.30262494761327,2.5637910906857866,60.99526191377353,1.7644032625940513,43.3236142099519
78,False,54,1,"The actor who played Thelma in ""Thelma and Louise"" also played which character in ""A League of Their Own""?",Which character did Geena Davis play in the movie 'A League of Their Own'?,1794,32,2618,0,32,0.3452959139831364,0.12709975242614746,0.3461964502930641,0.10182916093617678,0.16294986009597778,0.02842336893081665,0.0,0.0,0.07340579200536013,1.2481665493228356,19.882486792926212,3.390933508718163,70.50959573731014,2.124558131496116,52.93138911215394
79,False,55,0,"What is the movie starring Preity Zinta, Madhuri Dixit and the spouse of Kajol?","Movies starring Preity Zinta, Madhuri Dixit, and Ajay Devgn",1494,33,2319,0,33,0.31621748115867376,0.11308574676513672,0.31786242919042706,0.09779809974133968,0.15172681584954262,0.024157246109098196,0.0,0.0,0.07364085363224149,1.1563184465161431,13.51863294986886,3.23337040285055,69.07251952580513,2.0949653982433145,52.2665147195974
80,False,56,0,The territory containing Bansaan Island is located at which island?,Where is Bansaan Island located?,1291,22,2105,0,22,0.27277749963104725,0.10675621032714844,0.2732016178779304,0.09548893617466092,0.1452669189311564,0.022636245004832745,0.0,0.0,0.07285269116982818,1.117995598274111,10.554209556483496,2.85663984288299,64.99383699028802,1.880687082014892,46.82794338499734
81,False,57,0,In which district was Ernie Watts born?,Where was Ernie Watts born?,1167,22,1981,0,22,0.25645981915295124,0.09445929527282715,0.25792025215923786,0.09506205376237631,0.14420383097603917,0.022299435921013355,0.0,0.0,0.07276261784136295,0.993659315513466,-0.6381145315643266,2.6978148378112676,62.932963894167834,1.7885811383339305,44.08976039345336
82,False,58,0,In which county was James Finch born?,Where was James Finch born?,1143,21,1956,0,21,0.25647967774420977,0.0941765308380127,0.25739297829568386,0.09569826442748308,0.1420001802034676,0.022935367189347744,0.0,0.0,0.07276289723813534,0.9840986291802241,-1.6158310100504947,2.6800870347921664,62.68777890351059,1.8126243074260435,44.83136985953716
83,False,58,1,In which county was James Finch born?,"Which county is Lynn Haven, Florida located in?",1182,25,1999,0,25,0.2563360692001879,0.09149384498596191,0.2574266172014177,0.09603169653564692,0.14435664331540465,0.023218741174787283,0.0,0.0,0.07281295536085963,0.9527463148794778,-4.959734231719359,2.669286063326353,62.53679911871859,1.7832682396124062,43.923186776581055
84,False,59,0,Who was married to the star of No Escape?,Who starred in the movie No Escape?,1286,23,2101,0,23,0.2724230228923261,0.1069178581237793,0.27327914582565427,0.09488735673949122,0.14412975497543812,0.02204959187656641,0.0,0.0,0.07283776486292481,1.1267871905981874,11.25209725989863,2.871014982957642,65.16911245897342,1.8960633484197982,47.25914612328687
85,False,59,1,Who was married to the star of No Escape?,"Which of the actors from No Escape (Valerie Hobson, Leslie Perrins, or Robert Cochran) was married and to whom?",1057,43,1892,0,43,0.240660241805017,0.08837175369262695,0.2418574197217822,0.09564585937187076,0.14193202694877982,0.022533297073096037,0.0,0.0,0.07311256229877472,0.9239475108800883,-8.231256453894154,2.5161595429795955,60.256892183560986,1.704036959953114,41.315826856976464
86,False,60,0,Who is the other child of Chian Hsiao-chang's father?,Who is the father of Chian Hsiao-chang?,1232,28,2052,0,28,0.27210366260260344,0.10644674301147461,0.2725702258758247,0.09461513394489884,0.14268995774909854,0.0216527939774096,0.0,0.0,0.07296233996748924,1.1250498580223556,11.115050335828835,2.875899988273217,65.2282762238741,1.9102271118133167,47.6502037995507
87,False,60,1,Who is the other child of Chian Hsiao-chang's father?,What are all the children of Chiang Ching-kuo?,1963,29,2784,0,29,0.3617434692569077,0.13329195976257324,0.36304334877058864,0.10226758336648345,0.16763099282979965,0.028647612314671278,0.0,0.0,0.07361997105181217,1.303364716118417,23.275504727631034,3.537225163134766,71.72925234101359,2.165729276203694,53.82617712252108
88,False,63,0,In which county did Snappy Tomato Pizza form?,Where was Snappy Tomato Pizza founded?,1472,23,2287,0,23,0.2909275386482477,0.10442686080932617,0.2915339367464185,0.09604374505579472,0.14797321008518338,0.02304856199771166,0.0,0.0,0.07299518305808306,1.0872843489043607,8.02773892517774,3.02911489425198,66.98705612330549,1.9701805251004005,49.24322988376713
89,False,63,1,In which county did Snappy Tomato Pizza form?,"Which county is Fort Mitchell, Kentucky located in?",836,25,1653,0,25,0.21299363020807505,0.0783531665802002,0.214426192920655,0.09360605431720614,0.14146108413115144,0.021155544091016054,0.0,0.0,0.07245051022619009,0.8370523376050234,-19.46684276173254,2.275425791223888,56.052181360653044,1.5157963353501245,34.02807641905164
90,False,64,0,Where are the headquarters for the publisher of In the Shadow of Greatness?,Who is the publisher of In the Shadow of Greatness?,911,27,1730,0,27,0.22890368709340692,0.08401656150817871,0.22975149285048246,0.09236818319186568,0.1362643181346357,0.019809429068118334,0.0,0.0,0.07255875412374735,0.9095833500769511,-9.940446899715095,2.478165956971698,59.64757738735168,1.6860723041484489,40.690562466415095
91,False,64,1,Where are the headquarters for the publisher of In the Shadow of Greatness?,Where are the headquarters of the United States Naval Institute located?,1095,27,1914,0,27,0.24082721816375852,0.08862662315368652,0.2420923477038741,0.09563316032290459,0.1440765126608312,0.02270134910941124,0.0,0.0,0.07293181121349335,0.9267352752375793,-7.9056799411934,2.5182396707439905,60.28972096589364,1.6803040497917991,40.48696126609308
92,False,66,0,What political party was the socialist candidate part of who ran for president in 1912?,Who was the socialist candidate in the 1912 US presidential election?,1566,31,2389,0,31,0.3189950091764331,0.1169896125793457,0.3197524198330939,0.09861791506409645,0.15596182690933347,0.025362927932292223,0.0,0.0,0.07325498713180423,1.1862916844602587,15.703699764617173,3.2346557820564663,69.08480940855353,2.050196680620945,51.22419183231099
93,False,68,0,Which county does Lloyd Dane's birthplace belong to?,Where was Lloyd Dane born?,1026,21,1839,0,21,0.23886940022930503,0.08569741249084473,0.2405363661237061,0.09284578496590257,0.13789980486035347,0.020264799240976572,0.0,0.0,0.072580985724926,0.9230081098707598,-8.341409929758981,2.572754383163752,61.13115163483713,1.7442835859506056,42.6698727171123
94,False,68,1,Which county does Lloyd Dane's birthplace belong to?,"Which county does Eldon, Missouri belong to?",1053,25,1870,0,25,0.24029512982815504,0.08824968338012695,0.24109004065394402,0.09527361951768398,0.1410477552562952,0.02239291789010167,0.0,0.0,0.07288070162758231,0.9262761699081529,-7.959162989063784,2.522158085781062,60.35141470165539,1.709279528879165,41.495818378183266
95,False,71,0,Who is the voice of the character in Spongebob Squarepants with the same name as the creature that annelid larvae live like?,What creature do annelid larvae live like?,1620,25,2437,0,25,0.32563035003840923,0.11973142623901367,0.3267452591098845,0.09905371256172657,0.15454558283090591,0.023856868967413902,0.0,0.0,0.07519684359431267,1.2087525357961877,17.270080484975804,3.2874118659155616,69.58093354933199,2.114232274547689,52.70150720719954
96,False,71,1,Who is the voice of the character in Spongebob Squarepants with the same name as the creature that annelid larvae live like?,Which character in Spongebob Squarepants has the same name as the creature that annelid larvae live like (plankton)?,2223,41,3056,0,41,0.40255546011030674,0.15794801712036133,0.403471864759922,0.1031978102400899,0.1726864818483591,0.029177583288401365,0.0,0.0,0.07402022695168853,1.5305365177119066,34.66343413387081,3.9008139724453526,74.36432480339181,2.3364415120473767,57.19987019389499
97,False,72,0,Who is part of the band that performed Full Cooperation?,Who performed the song Full Cooperation?,1598,22,2412,0,22,0.319113593082875,0.11745619773864746,0.32049447391182184,0.0967904468998313,0.15135786402970552,0.023634100798517466,0.0,0.0,0.07315634610131383,1.2135102326803306,17.594431998215764,3.2969534009190657,69.66896772877536,2.1174616592694617,52.77364312017784
98,False,72,1,Who is part of the band that performed Full Cooperation?,Who are the members of the American hip hop group Def Squad?,1177,28,1997,0,28,0.25717845605686307,0.09862232208251953,0.26230462919920683,0.0961610316298902,0.14485855493694544,0.023315827827900648,0.0,0.0,0.07284520380198956,1.0255955079818868,2.495672785487557,2.6744560836941256,62.6092196429437,1.810763812419527,44.77468606665999
99,False,74,0,What film features Anil Devgan's sibling?,Who is Anil Devgan's sibling?,1251,24,2067,0,24,0.2720225537195802,0.10667228698730469,0.27298508305102587,0.09440590720623732,0.14248635480180383,0.02162597794085741,0.0,0.0,0.0727799292653799,1.1299323330929967,11.499125150028167,2.881414540356304,65.29482356688794,1.9158682487929712,47.80434402887481
100,False,74,1,What film features Anil Devgan's sibling?,Which films feature Ajay Devgan?,1558,23,2373,0,23,0.3188304849900305,0.11705231666564941,0.31975007802248,0.10148820001631975,0.15768981212750077,0.027177861891686916,0.0,0.0,0.07431033812463284,1.1533588796217382,13.296718162176424,3.1415522685273873,68.16860219012835,2.027715511284551,50.68341715418928
101,False,75,0,"What political party was the candidate who garnered a million votes during the 1920 election despite being in prison, a member of?",Who was the candidate that received a million votes in the 1920 election while in prison?,1578,36,2406,0,36,0.3192803291603923,0.11732721328735352,0.3204659386537969,0.09822679869830608,0.15279701398685575,0.02455151779577136,0.0,0.0,0.07367528090253472,1.1944521743777121,16.279611569966633,3.250440138449694,69.23493565776133,2.097331160420221,52.32035746802903
102,False,77,0,Who was the US physicist who directed the project that developed the first atomic bomb at the same place where Feynman worked on Water Boiler?,Where did Richard Feynman work on the Water Boiler reactor?,1861,28,2681,0,28,0.3493111371062696,0.12859272956848145,0.3500887877307832,0.09843939216807485,0.15777926007285714,0.025008284021168947,0.0,0.0,0.0734311081469059,1.306313730065734,23.448710904257286,3.548489374150724,71.81899409690821,2.2188517525631952,54.93164431355948
103,False,77,1,Who was the US physicist who directed the project that developed the first atomic bomb at the same place where Feynman worked on Water Boiler?,Which atomic bomb development project took place at Los Alamos and who was its director?,2208,32,3032,0,32,0.40197717817500234,0.1578834056854248,0.4031669399701059,0.10269828513264656,0.17012346908450127,0.02888817898929119,0.0,0.0,0.07381010614335537,1.5373519185982547,34.95308472299614,3.9141566741431264,74.45171250793337,2.3698490404627868,57.80321940655262
104,False,78,0,What award was received by the person who authored Missing Person?,Who is the author of Missing Person?,885,23,1700,0,23,0.22621405590325594,0.08314871788024902,0.22719960426911712,0.09408155037090182,0.13812802964821458,0.022019388154149055,0.0,0.0,0.07206216221675277,0.8837940866455557,-13.14852804633535,2.4044465148739826,58.41038701364458,1.6448479345412415,39.204106410061165
105,False,78,1,What award was received by the person who authored Missing Person?,What award did Patrick Modiano receive?,1790,23,2605,0,23,0.34493203088641167,0.1269547939300537,0.3459919560700655,0.10012618592008948,0.1661694790236652,0.026753509882837534,0.0,0.0,0.07337267603725195,1.267947967491502,21.132410348163432,3.4449732376873046,70.97219830156577,2.08216309097768,51.97302246240232
106,False,79,0,What preity zinta and madhuri dixit movie had a cast member from U Me Aur Hum ?,Who are the cast members of the movie U Me Aur Hum?,1263,28,2083,0,28,0.27251981338486075,0.10667133331298828,0.27333535021170974,0.09469413384795189,0.14409324992448092,0.021710935048758984,0.0,0.0,0.0729831987991929,1.1264830140826663,11.228133269782658,2.8778954124279683,65.25238562591339,1.8969337589024082,47.283346331575984
107,False,79,1,What preity zinta and madhuri dixit movie had a cast member from U Me Aur Hum ?,Which Bollywood movies feature both Preity Zinta and Madhuri Dixit in their cast?,1569,34,2395,0,34,0.31900750612840056,0.11722350120544434,0.32005616510286927,0.09710749797523022,0.15122004970908165,0.023692327085882425,0.0,0.0,0.07341517088934779,1.2071519053589994,17.160384243223614,3.2850965453746084,69.55949433486232,2.1164929235150756,52.75202723856983
108,False,79,2,What preity zinta and madhuri dixit movie had a cast member from U Me Aur Hum ?,What is the cast list for the movie 'Yeh Raaste Hain Pyaar Ke'?,1377,34,2203,0,34,0.29011430498212576,0.11385512351989746,0.2914669830352068,0.09776193602010608,0.150180839933455,0.024377632420510054,0.0,0.0,0.07338430359959602,1.1646160883769896,14.134794291430296,2.9675589170253316,66.30226971188846,1.94077342465494,48.47415018691349
109,False,80,0,Who married the publisher of abolitionist newspaper The North Star?,Who was Frederick Douglass married to?,1330,23,2145,0,23,0.2764529250562191,0.1083066463470459,0.27730993973091245,0.10144661227241158,0.1530061550438404,0.023984506260603666,0.0,0.0,0.07746210601180792,1.0676221109898996,6.33389944754893,2.7251075108734852,63.304200072478324,1.8124103546779256,44.82485727258466
110,False,81,0,What political party does the person that Adversary in the House is based on a member of?,Who is the book 'Adversary in the House' based on?,1331,30,2153,0,30,0.276487051974982,0.10857200622558594,0.27757020434364676,0.09694633353501558,0.14643669687211514,0.022131250239908695,0.0,0.0,0.07481508329510689,1.119918642269966,10.707799454690992,2.8519598616395223,64.93639291875853,1.8954962128519741,47.243365973525506
111,False,81,1,What political party does the person that Adversary in the House is based on a member of?,What political party did Eugene V. Debs belong to?,1631,27,2450,0,27,0.3272069152444601,0.12054085731506348,0.32870099879801273,0.10132133681327105,0.15936834923923016,0.027603954076766968,0.0,0.0,0.07371738273650408,1.189688777371866,15.944403358238478,3.229397928764819,69.03447571162343,2.062523709175119,51.515708859417785
112,False,82,0,What event caused the Liberal Party of Australia's longest-serving leader to become Prime Minister?,Who is the longest-serving leader of the Liberal Party of Australia?,1316,28,2136,0,28,0.27630088897421956,0.10854268074035645,0.2773138601332903,0.09529799222946167,0.14437904674559832,0.022519382182508707,0.0,0.0,0.07277861004695296,1.1389818211385165,12.202286161125153,2.8993358885141367,65.50934288222521,1.9207348045587838,47.93659189042955
113,False,82,1,What event caused the Liberal Party of Australia's longest-serving leader to become Prime Minister?,What specific political event or circumstance caused Robert Menzies to become Prime Minister of Australia?,1642,33,2467,0,33,0.3272597501054406,0.12042808532714844,0.32838564086705446,0.0992160621099174,0.15543013997375965,0.025795580819249153,0.0,0.0,0.07342048129066825,1.2137962620783227,17.61385075550076,3.2984553422699134,69.68277886970495,2.112753941561745,52.66841157750717
114,False,84,0,Who founded the publisher of The Final Testament of the Holy Bible?,Who is the publisher of The Final Testament of the Holy Bible?,1275,28,2095,0,28,0.2716417550109327,0.0977783203125,0.2725040758959949,0.09469886217266321,0.14249606290832162,0.021830079145729542,0.0,0.0,0.07286878302693367,1.0325184280907416,3.1494283497556785,2.8684796076604573,65.13832633394233,1.9123621406390516,47.70864896615077
115,False,84,1,Who founded the publisher of The Final Testament of the Holy Bible?,Who founded the Gagosian Gallery?,1256,23,2071,0,23,0.27118148608133197,0.09755778312683105,0.2720498130656779,0.0979328011162579,0.1474215490743518,0.023407920263707638,0.0,0.0,0.07452488085255027,0.9961706600326722,-0.3844060180614228,2.769056771483614,63.88661979421184,1.8453870195629951,45.810825079022756
116,False,85,0,The Nicole and Natalie album's band is named after who?,What is the name of the band that released the album 'Nicole and Natalie'?,2051,32,2875,0,32,0.38572651287540793,0.15131664276123047,0.3866892368532717,0.10275768674910069,0.1666251909919083,0.029079821426421404,0.0,0.0,0.07367786532267928,1.472557893704772,32.09095518247336,3.7537485036737044,73.35996274067578,2.320712939930255,56.90979341761875
117,False,86,0,Of which river is the river Kichi Sipi Bridge crosses a tributary?,Which river does the Kichi Sipi Bridge cross?,848,26,1666,0,26,0.22931603714823723,0.08406710624694824,0.23039471777155995,0.09218224789947271,0.1328392019495368,0.020054080989211798,0.0,0.0,0.07212816691026092,0.9119663293373551,-9.653171156725836,2.4876377217261254,59.801220601120384,1.7343879998547622,42.34277450698804
118,False,86,1,Of which river is the river Kichi Sipi Bridge crosses a tributary?,Into which larger river does the Nelson River flow as a tributary?,1391,30,2213,0,30,0.29027037927880883,0.11414647102355957,0.2914955751039088,0.09840511018410325,0.15062280977144837,0.02524486416950822,0.0,0.0,0.07316024601459503,1.1599648718446254,13.79049277503055,2.9497490398186685,66.0988108987918,1.9352684732559267,48.327582771108546
119,False,88,0,Who is the child of the actor who is a cast member of Love in Pawn?,Who are the cast members of Love in Pawn?,1398,25,2215,0,25,0.28953999327495694,0.10400915145874023,0.29031612118706107,0.0955199240706861,0.14595263777300715,0.022974873892962933,0.0,0.0,0.07254505017772317,1.0888738917105083,8.162000428800498,3.031199994052479,67.0097650447974,1.9891118489997779,49.72630621536699
